"날짜","종가","오픈","고가","저가","거래량","변동 %"
"2022년 05월 16일","104.54","104.57","104.64","104.42","-","-0.02%"
"2022년 05월 15일","104.57","104.46","104.59","104.46","-","0.00%"
"2022년 05월 13일","104.56","104.77","105.00","104.46","-","-0.27%"
"2022년 05월 12일","104.85","104.01","104.93","103.88","-","0.97%"
"2022년 05월 11일","103.85","103.90","104.11","103.37","-","-0.07%"
"2022년 05월 10일","103.92","103.73","103.98","103.50","-","0.26%"
"2022년 05월 09일","103.65","103.66","104.19","103.39","-","-0.13%"
"2022년 05월 08일","103.79","103.66","103.80","103.66","-","0.13%"
"2022년 05월 06일","103.66","103.56","104.06","103.19","-","-0.09%"
"2022년 05월 05일","103.75","102.68","103.94","102.35","-","1.14%"
"2022년 05월 04일","102.59","103.46","103.61","102.46","-","-0.85%"
"2022년 05월 03일","103.46","103.60","103.67","103.03","-","-0.27%"
"2022년 05월 02일","103.74","103.21","103.75","103.11","-","0.76%"
"2022년 04월 29일","102.96","103.67","103.67","102.82","-","-0.64%"
"2022년 04월 28일","103.62","103.04","103.93","102.98","-","0.65%"
"2022년 04월 27일","102.95","102.28","103.28","102.22","-","0.64%"
"2022년 04월 26일","102.30","101.73","102.36","101.51","-","0.54%"
"2022년 04월 25일","101.75","101.12","101.86","101.04","-","0.53%"
"2022년 04월 22일","101.22","100.62","101.33","100.47","-","0.64%"
"2022년 04월 21일","100.58","100.35","100.64","99.82","-","0.19%"
"2022년 04월 20일","100.39","100.98","101.04","100.22","-","-0.57%"
"2022년 04월 19일","100.96","100.83","101.03","100.70","-","0.18%"
"2022년 04월 18일","100.78","100.50","100.86","100.46","-","0.46%"
"2022년 04월 15일","100.32","100.42","100.57","100.32","-","0.00%"
"2022년 04월 14일","100.32","99.79","100.76","99.57","-","0.45%"
"2022년 04월 13일","99.88","100.34","100.52","99.83","-","-0.42%"
"2022년 04월 12일","100.29","100.04","100.33","99.74","-","0.36%"
"2022년 04월 11일","99.93","99.84","100.05","99.61","-","0.14%"
"2022년 04월 08일","99.80","99.82","100.19","99.74","-","0.05%"
"2022년 04월 07일","99.75","99.65","99.83","99.40","-","0.15%"
"2022년 04월 06일","99.60","99.47","99.77","99.31","-","0.13%"
"2022년 04월 05일","99.47","99.00","99.52","98.84","-","0.48%"
"2022년 04월 04일","99.00","98.57","99.08","98.52","-","0.37%"
"2022년 04월 01일","98.63","98.33","98.74","98.31","-","0.33%"
"2022년 03월 31일","98.31","97.83","98.40","97.69","-","0.53%"
"2022년 03월 30일","97.79","98.37","98.43","97.68","-","-0.62%"
"2022년 03월 29일","98.40","99.08","99.29","98.04","-","-0.69%"
"2022년 03월 28일","99.09","98.81","99.37","98.80","-","0.31%"
"2022년 03월 25일","98.79","98.75","98.83","98.40","-","0.00%"
"2022년 03월 24일","98.79","98.64","98.96","98.60","-","0.17%"
"2022년 03월 23일","98.62","98.47","98.88","98.39","-","0.13%"
"2022년 03월 22일","98.49","98.49","98.96","98.32","-","-0.01%"
"2022년 03월 21일","98.50","98.24","98.53","98.16","-","0.27%"
"2022년 03월 18일","98.23","98.00","98.62","97.84","-","0.26%"
"2022년 03월 17일","97.97","98.50","98.51","97.73","-","-0.65%"
"2022년 03월 16일","98.62","98.89","99.08","98.29","-","-0.48%"
"2022년 03월 15일","99.10","99.13","99.20","98.64","-","0.10%"
"2022년 03월 14일","99.00","99.13","99.29","98.68","-","-0.13%"
"2022년 03월 11일","99.12","98.36","99.16","98.27","-","0.63%"
"2022년 03월 10일","98.51","98.06","98.60","97.71","-","0.55%"
"2022년 03월 09일","97.97","99.12","99.12","97.85","-","-1.10%"
"2022년 03월 08일","99.06","99.24","99.32","98.71","-","-0.23%"
"2022년 03월 07일","99.29","98.51","99.42","98.51","-","0.65%"
"2022년 03월 04일","98.65","98.04","98.92","97.84","-","0.88%"
"2022년 03월 03일","97.79","97.47","97.95","97.43","-","0.41%"
"2022년 03월 02일","97.39","97.37","97.83","97.29","-","-0.02%"
"2022년 03월 01일","97.41","96.76","97.58","96.63","-","0.73%"
"2022년 02월 28일","96.71","96.54","97.42","96.54","-","0.10%"
"2022년 02월 25일","96.61","97.00","97.22","96.52","-","-0.54%"
"2022년 02월 24일","97.14","96.22","97.74","96.22","-","0.98%"
"2022년 02월 23일","96.19","96.04","96.24","95.85","-","0.17%"
"2022년 02월 22일","96.03","96.08","96.26","95.84","-","-0.06%"
"2022년 02월 21일","96.08","96.11","96.15","95.69","-","0.04%"
"2022년 02월 18일","96.04","95.83","96.17","95.73","-","0.25%"
"2022년 02월 17일","95.80","95.77","96.11","95.71","-","0.10%"
"2022년 02월 16일","95.70","96.01","96.06","95.68","-","-0.30%"
"2022년 02월 15일","95.99","96.24","96.29","95.96","-","-0.40%"
"2022년 02월 14일","96.37","96.03","96.43","95.91","-","0.30%"
"2022년 02월 11일","96.08","95.94","96.11","95.64","-","0.55%"
"2022년 02월 10일","95.55","95.57","96.00","95.17","-","0.06%"
"2022년 02월 09일","95.49","95.59","95.67","95.38","-","-0.16%"
"2022년 02월 08일","95.64","95.43","95.75","95.40","-","0.26%"
"2022년 02월 07일","95.40","95.48","95.63","95.35","-","-0.09%"
"2022년 02월 04일","95.49","95.31","95.70","95.14","-","0.11%"
"2022년 02월 03일","95.38","96.02","96.25","95.24","-","-0.58%"
"2022년 02월 02일","95.94","96.27","96.30","95.81","-","-0.47%"
"2022년 02월 01일","96.39","96.70","96.72","96.24","-","-0.16%"
"2022년 01월 31일","96.54","97.22","97.30","96.52","-","-0.75%"
"2022년 01월 28일","97.27","97.25","97.44","97.06","-","0.02%"
"2022년 01월 27일","97.25","96.54","97.29","96.53","-","0.90%"
"2022년 01월 26일","96.39","95.96","96.54","95.91","-","0.46%"
"2022년 01월 25일","95.95","95.93","96.27","95.90","-","0.03%"
"2022년 01월 24일","95.92","95.64","96.13","95.63","-","0.29%"
"2022년 01월 21일","95.64","95.81","95.84","95.50","-","-0.10%"
"2022년 01월 20일","95.74","95.59","95.86","95.42","-","0.24%"
"2022년 01월 19일","95.51","95.77","95.79","95.49","-","-0.23%"
"2022년 01월 18일","95.73","95.22","95.83","95.13","-","0.50%"
"2022년 01월 17일","95.26","95.17","95.35","95.04","-","0.10%"
"2022년 01월 14일","95.17","94.87","95.27","94.63","-","0.40%"
"2022년 01월 13일","94.79","94.99","95.02","94.66","-","-0.13%"
"2022년 01월 12일","94.92","95.58","95.69","94.91","-","-0.74%"
"2022년 01월 11일","95.62","95.93","96.07","95.58","-","-0.38%"
"2022년 01월 10일","95.99","95.74","96.23","95.74","-","0.28%"
"2022년 01월 07일","95.72","96.26","96.29","95.71","-","-0.62%"
"2022년 01월 06일","96.32","96.20","96.39","96.04","-","0.15%"
"2022년 01월 05일","96.17","96.31","96.33","95.89","-","-0.09%"
"2022년 01월 04일","96.26","96.19","96.46","96.03","-","0.05%"
"2022년 01월 03일","96.21","95.67","96.33","95.63","-","0.26%"
"2021년 12월 31일","95.97","95.99","96.11","95.57","-","0.00%"
"2021년 12월 30일","95.97","95.89","96.22","95.86","-","0.04%"
"2021년 12월 29일","95.93","96.15","96.39","95.76","-","-0.28%"
"2021년 12월 28일","96.20","96.07","96.28","96.00","-","0.11%"
"2021년 12월 27일","96.09","96.15","96.26","96.05","-","0.08%"
"2021년 12월 23일","96.02","96.03","96.28","95.99","-","-0.06%"
"2021년 12월 22일","96.08","96.47","96.60","96.02","-","-0.43%"
"2021년 12월 21일","96.49","96.54","96.64","96.34","-","-0.06%"
"2021년 12월 20일","96.55","96.67","96.69","96.33","-","-0.01%"
"2021년 12월 17일","96.57","96.00","96.69","95.88","-","0.54%"
"2021년 12월 16일","96.04","96.43","96.45","95.85","-","-0.49%"
"2021년 12월 15일","96.51","96.55","96.91","96.30","-","-0.06%"
"2021년 12월 14일","96.57","96.35","96.59","96.10","-","0.26%"
"2021년 12월 13일","96.32","96.05","96.44","96.05","-","0.23%"
"2021년 12월 10일","96.10","96.21","96.43","95.98","-","-0.18%"
"2021년 12월 09일","96.27","95.96","96.34","95.96","-","0.39%"
"2021년 12월 08일","95.89","96.26","96.38","95.85","-","-0.49%"
"2021년 12월 07일","96.37","96.30","96.59","96.17","-","0.04%"
"2021년 12월 06일","96.33","96.15","96.43","96.13","-","0.22%"
"2021년 12월 03일","96.12","96.12","96.45","95.97","-","-0.04%"
"2021년 12월 02일","96.16","96.07","96.18","95.83","-","0.13%"
"2021년 12월 01일","96.03","95.94","96.14","95.67","-","0.04%"
"2021년 11월 30일","95.99","96.22","96.64","95.52","-","-0.36%"
"2021년 11월 29일","96.34","96.07","96.44","96.07","-","0.26%"
"2021년 11월 26일","96.09","96.72","96.77","95.75","-","-0.71%"
"2021년 11월 25일","96.77","96.81","96.82","96.65","-","-0.10%"
"2021년 11월 24일","96.88","96.53","96.94","96.43","-","0.40%"
"2021년 11월 23일","96.49","96.46","96.61","96.31","-","-0.06%"
"2021년 11월 22일","96.55","96.07","96.55","96.04","-","0.54%"
"2021년 11월 19일","96.03","95.58","96.24","95.58","-","0.51%"
"2021년 11월 18일","95.54","95.80","95.84","95.52","-","-0.30%"
"2021년 11월 17일","95.83","95.94","96.24","95.73","-","-0.09%"
"2021년 11월 16일","95.92","95.47","95.98","95.40","-","0.53%"
"2021년 11월 15일","95.41","95.12","95.60","94.97","-","0.29%"
"2021년 11월 12일","95.13","95.18","95.26","95.00","-","-0.05%"
"2021년 11월 11일","95.18","94.84","95.20","94.84","-","0.35%"
"2021년 11월 10일","94.85","93.98","94.90","93.97","-","0.95%"
"2021년 11월 09일","93.96","94.09","94.15","93.88","-","-0.10%"
"2021년 11월 08일","94.05","94.25","94.38","93.99","-","-0.29%"
"2021년 11월 05일","94.32","94.34","94.62","94.19","-","-0.03%"
"2021년 11월 04일","94.35","93.86","94.47","93.82","-","0.51%"
"2021년 11월 03일","93.86","94.12","94.21","93.82","-","-0.24%"
"2021년 11월 02일","94.09","93.93","94.13","93.82","-","0.22%"
"2021년 11월 01일","93.88","94.13","94.31","93.86","-","-0.26%"
"2021년 10월 29일","94.12","93.36","94.30","93.32","-","0.83%"
"2021년 10월 28일","93.35","93.88","93.97","93.28","-","-0.49%"
"2021년 10월 27일","93.80","93.97","94.01","93.69","-","-0.16%"
"2021년 10월 26일","93.95","93.84","94.02","93.71","-","0.14%"
"2021년 10월 25일","93.81","93.66","93.96","93.48","-","0.18%"
"2021년 10월 22일","93.64","93.75","93.79","93.54","-","-0.14%"
"2021년 10월 21일","93.77","93.58","93.79","93.50","-","0.23%"
"2021년 10월 20일","93.56","93.81","93.88","93.54","-","-0.19%"
"2021년 10월 19일","93.73","93.95","93.95","93.50","-","-0.23%"
"2021년 10월 18일","93.95","93.95","94.17","93.87","-","0.02%"
"2021년 10월 15일","93.94","94.03","94.07","93.85","-","-0.02%"
"2021년 10월 14일","93.96","94.02","94.09","93.76","-","-0.13%"
"2021년 10월 13일","94.08","94.52","94.53","94.00","-","-0.46%"
"2021년 10월 12일","94.52","94.37","94.56","94.23","-","0.21%"
"2021년 10월 11일","94.32","94.10","94.40","94.03","-","0.26%"
"2021년 10월 08일","94.07","94.21","94.34","93.94","-","-0.16%"
"2021년 10월 07일","94.22","94.23","94.28","94.08","-","-0.05%"
"2021년 10월 06일","94.27","93.99","94.45","93.98","-","0.31%"
"2021년 10월 05일","93.97","93.83","94.07","93.81","-","0.21%"
"2021년 10월 04일","93.78","94.07","94.10","93.68","-","-0.28%"
"2021년 10월 01일","94.04","94.31","94.39","93.99","-","-0.21%"
"2021년 09월 30일","94.23","94.35","94.50","94.11","-","-0.11%"
"2021년 09월 29일","94.34","93.72","94.43","93.67","-","0.61%"
"2021년 09월 28일","93.77","93.41","93.81","93.36","-","0.41%"
"2021년 09월 27일","93.38","93.28","93.49","93.21","-","0.06%"
"2021년 09월 24일","93.33","93.07","93.42","93.05","-","0.32%"
"2021년 09월 23일","93.03","93.48","93.52","92.98","-","-0.46%"
"2021년 09월 22일","93.46","93.22","93.51","92.99","-","0.28%"
"2021년 09월 21일","93.20","93.24","93.29","93.05","-","-0.08%"
"2021년 09월 20일","93.28","93.25","93.45","93.18","-","0.09%"
"2021년 09월 17일","93.19","92.88","93.25","92.76","-","0.28%"
"2021년 09월 16일","92.93","92.46","92.96","92.46","-","0.41%"
"2021년 09월 15일","92.55","92.68","92.68","92.42","-","-0.08%"
"2021년 09월 14일","92.62","92.62","92.68","92.32","-","-0.06%"
"2021년 09월 13일","92.68","92.61","92.89","92.57","-","0.10%"
"2021년 09월 10일","92.58","92.53","92.65","92.33","-","0.11%"
"2021년 09월 09일","92.48","92.71","92.76","92.38","-","-0.19%"
"2021년 09월 08일","92.65","92.54","92.86","92.47","-","0.15%"
"2021년 09월 07일","92.51","92.20","92.57","92.10","-","0.52%"
"2021년 09월 06일","92.04","92.12","92.31","92.04","-","0.00%"
"2021년 09월 03일","92.04","92.22","92.26","91.95","-","-0.21%"
"2021년 09월 02일","92.22","92.51","92.54","92.21","-","-0.24%"
"2021년 09월 01일","92.45","92.66","92.79","92.38","-","-0.19%"
"2021년 08월 31일","92.63","92.71","92.75","92.40","-","-0.03%"
"2021년 08월 30일","92.65","92.68","92.79","92.60","-","-0.04%"
"2021년 08월 27일","92.69","93.03","93.18","92.63","-","-0.40%"
"2021년 08월 26일","93.06","92.83","93.08","92.81","-","0.26%"
"2021년 08월 25일","92.82","92.88","93.13","92.81","-","-0.07%"
"2021년 08월 24일","92.89","92.99","93.08","92.81","-","-0.07%"
"2021년 08월 23일","92.96","93.46","93.50","92.95","-","-0.58%"
"2021년 08월 20일","93.50","93.56","93.73","93.43","-","-0.08%"
"2021년 08월 19일","93.57","93.14","93.58","93.14","-","0.46%"
"2021년 08월 18일","93.14","93.14","93.26","92.96","-","0.01%"
"2021년 08월 17일","93.13","92.62","93.17","92.61","-","0.54%"
"2021년 08월 16일","92.63","92.52","92.66","92.48","-","0.12%"
"2021년 08월 13일","92.52","92.97","93.01","92.47","-","-0.56%"
"2021년 08월 12일","93.04","92.89","93.04","92.85","-","0.12%"
"2021년 08월 11일","92.92","93.07","93.19","92.80","-","-0.14%"
"2021년 08월 10일","93.06","92.98","93.14","92.94","-","0.12%"
"2021년 08월 09일","92.94","92.78","92.99","92.72","-","0.16%"
"2021년 08월 06일","92.80","92.26","92.84","92.26","-","0.60%"
"2021년 08월 05일","92.24","92.28","92.35","92.11","-","-0.03%"
"2021년 08월 04일","92.27","92.04","92.31","91.82","-","0.21%"
"2021년 08월 03일","92.08","92.06","92.15","91.89","-","0.04%"
"2021년 08월 02일","92.05","92.09","92.17","91.91","-","-0.14%"
"2021년 07월 30일","92.17","91.85","92.20","91.78","-","0.34%"
"2021년 07월 29일","91.86","92.26","92.29","91.86","-","-0.50%"
"2021년 07월 28일","92.32","92.46","92.75","92.24","-","-0.12%"
"2021년 07월 27일","92.43","92.63","92.84","92.32","-","-0.23%"
"2021년 07월 26일","92.65","92.91","92.96","92.53","-","-0.28%"
"2021년 07월 23일","92.91","92.81","93.02","92.78","-","0.10%"
"2021년 07월 22일","92.82","92.80","92.92","92.51","-","0.07%"
"2021년 07월 21일","92.75","92.97","93.19","92.73","-","-0.24%"
"2021년 07월 20일","92.97","92.88","93.17","92.80","-","0.09%"
"2021년 07월 19일","92.89","92.71","93.04","92.64","-","0.22%"
"2021년 07월 16일","92.69","92.59","92.76","92.53","-","0.07%"
"2021년 07월 15일","92.62","92.39","92.69","92.27","-","0.23%"
"2021년 07월 14일","92.41","92.80","92.83","92.35","-","-0.37%"
"2021년 07월 13일","92.75","92.23","92.81","92.14","-","0.53%"
"2021년 07월 12일","92.26","92.10","92.42","92.08","-","0.14%"
"2021년 07월 09일","92.13","92.36","92.54","92.09","-","-0.31%"
"2021년 07월 08일","92.42","92.70","92.79","92.24","-","-0.25%"
"2021년 07월 07일","92.64","92.53","92.85","92.43","-","0.11%"
"2021년 07월 06일","92.55","92.24","92.66","92.00","-","0.36%"
"2021년 07월 05일","92.21","92.24","92.36","92.14","-","-0.02%"
"2021년 07월 02일","92.23","92.57","92.74","92.18","-","-0.40%"
"2021년 07월 01일","92.60","92.35","92.60","92.26","-","0.17%"
"2021년 06월 30일","92.44","92.08","92.45","92.00","-","0.42%"
"2021년 06월 29일","92.05","91.88","92.19","91.86","-","0.18%"
"2021년 06월 28일","91.89","91.81","92.01","91.70","-","0.04%"
"2021년 06월 25일","91.85","91.83","91.88","91.53","-","0.04%"
"2021년 06월 24일","91.81","91.80","91.91","91.66","-","0.01%"
"2021년 06월 23일","91.80","91.73","91.90","91.51","-","0.05%"
"2021년 06월 22일","91.76","91.88","92.14","91.64","-","-0.16%"
"2021년 06월 21일","91.90","92.32","92.37","91.83","-","-0.35%"
"2021년 06월 18일","92.22","91.88","92.40","91.81","-","0.37%"
"2021년 06월 17일","91.89","91.43","92.01","91.31","-","0.83%"
"2021년 06월 16일","91.13","90.54","91.40","90.44","-","0.65%"
"2021년 06월 15일","90.54","90.48","90.68","90.35","-","0.02%"
"2021년 06월 14일","90.52","90.51","90.60","90.41","-","-0.04%"
"2021년 06월 11일","90.56","90.07","90.61","89.96","-","0.53%"
"2021년 06월 10일","90.07","90.14","90.31","89.98","-","-0.05%"
"2021년 06월 09일","90.12","90.13","90.17","89.84","-","0.05%"
"2021년 06월 08일","90.08","89.99","90.18","89.96","-","0.14%"
"2021년 06월 07일","89.95","90.13","90.30","89.91","-","-0.21%"
"2021년 06월 04일","90.14","90.47","90.63","90.03","-","-0.42%"
"2021년 06월 03일","90.51","89.93","90.55","89.89","-","0.67%"
"2021년 06월 02일","89.91","89.92","90.25","89.86","-","0.09%"
"2021년 06월 01일","89.83","89.81","89.94","89.66","-","-0.22%"
"2021년 05월 31일","90.03","90.06","90.12","89.82","-","0.00%"
"2021년 05월 28일","90.03","90.03","90.44","89.98","-","0.07%"
"2021년 05월 27일","89.97","90.08","90.18","89.89","-","-0.08%"
"2021년 05월 26일","90.04","89.69","90.11","89.59","-","0.45%"
"2021년 05월 25일","89.64","89.85","89.87","89.54","-","-0.23%"
"2021년 05월 24일","89.84","90.03","90.10","89.76","-","-0.19%"
"2021년 05월 21일","90.02","89.78","90.15","89.65","-","0.23%"
"2021년 05월 20일","89.81","90.21","90.23","89.75","-","-0.42%"
"2021년 05월 19일","90.19","89.78","90.29","89.69","-","0.49%"
"2021년 05월 18일","89.75","90.18","90.20","89.69","-","-0.46%"
"2021년 05월 17일","90.16","90.30","90.43","90.15","-","-0.17%"
"2021년 05월 14일","90.32","90.76","90.80","90.28","-","-0.47%"
"2021년 05월 13일","90.75","90.75","90.91","90.59","-","0.04%"
"2021년 05월 12일","90.71","90.19","90.80","90.16","-","0.63%"
"2021년 05월 11일","90.14","90.24","90.36","89.98","-","-0.08%"
"2021년 05월 10일","90.21","90.23","90.34","90.04","-","-0.02%"
"2021년 05월 07일","90.23","90.88","90.96","90.19","-","-0.79%"
"2021년 05월 06일","90.95","91.27","91.38","90.88","-","-0.39%"
"2021년 05월 05일","91.31","91.28","91.44","91.17","-","0.02%"
"2021년 05월 04일","91.29","91.00","91.40","90.99","-","0.38%"
"2021년 05월 03일","90.94","91.30","91.39","90.87","-","-0.37%"
"2021년 04월 30일","91.28","90.63","91.32","90.59","-","0.73%"
"2021년 04월 29일","90.61","90.55","90.79","90.42","-","0.00%"
"2021년 04월 28일","90.61","90.90","91.13","90.55","-","-0.33%"
"2021년 04월 27일","90.91","90.88","91.07","90.81","-","0.11%"
"2021년 04월 26일","90.81","90.83","90.99","90.68","-","-0.06%"
"2021년 04월 23일","90.86","91.29","91.30","90.81","-","-0.52%"
"2021년 04월 22일","91.33","91.11","91.42","91.00","-","0.20%"
"2021년 04월 21일","91.15","91.21","91.43","91.09","-","-0.09%"
"2021년 04월 20일","91.24","91.05","91.28","90.86","-","0.19%"
"2021년 04월 19일","91.07","91.54","91.75","91.03","-","-0.53%"
"2021년 04월 16일","91.56","91.66","91.81","91.49","-","-0.15%"
"2021년 04월 15일","91.69","91.63","91.75","91.49","-","0.00%"
"2021년 04월 14일","91.69","91.83","91.83","91.57","-","-0.18%"
"2021년 04월 13일","91.85","92.08","92.32","91.79","-","-0.31%"
"2021년 04월 12일","92.14","92.18","92.33","92.01","-","-0.03%"
"2021년 04월 09일","92.16","92.07","92.41","92.03","-","0.11%"
"2021년 04월 08일","92.06","92.42","92.48","92.00","-","-0.43%"
"2021년 04월 07일","92.46","92.32","92.50","92.14","-","0.13%"
"2021년 04월 06일","92.33","92.57","92.79","92.27","-","-0.28%"
"2021년 04월 05일","92.60","93.01","93.11","92.54","-","-0.46%"
"2021년 04월 02일","93.02","92.89","93.07","92.83","-","0.10%"
"2021년 04월 01일","92.93","93.22","93.34","92.88","-","-0.32%"
"2021년 03월 31일","93.23","93.24","93.44","92.99","-","-0.07%"
"2021년 03월 30일","93.30","92.91","93.35","92.88","-","0.38%"
"2021년 03월 29일","92.94","92.72","92.96","92.72","-","0.19%"
"2021년 03월 26일","92.77","92.81","92.87","92.64","-","0.26%"
"2021년 03월 25일","92.53","92.60","92.92","92.51","-","0.00%"
"2021년 03월 24일","92.53","92.39","92.61","92.34","-","0.21%"
"2021년 03월 23일","92.34","91.80","92.39","91.76","-","0.65%"
"2021년 03월 22일","91.74","92.07","92.15","91.71","-","-0.19%"
"2021년 03월 19일","91.92","91.83","92.17","91.66","-","0.06%"
"2021년 03월 18일","91.86","91.40","91.90","91.30","-","0.46%"
"2021년 03월 17일","91.44","91.86","92.00","91.37","-","-0.46%"
"2021년 03월 16일","91.86","91.83","92.03","91.68","-","0.03%"
"2021년 03월 15일","91.83","91.66","91.96","91.54","-","0.17%"
"2021년 03월 12일","91.68","91.43","91.96","91.40","-","0.28%"
"2021년 03월 11일","91.42","91.79","91.88","91.36","-","-0.44%"
"2021년 03월 10일","91.82","92.05","92.24","91.77","-","-0.15%"
"2021년 03월 09일","91.96","92.46","92.50","91.91","-","-0.38%"
"2021년 03월 08일","92.31","91.99","92.42","91.84","-","0.37%"
"2021년 03월 05일","91.98","91.66","92.19","91.62","-","0.38%"
"2021년 03월 04일","91.63","91.01","91.67","90.97","-","0.75%"
"2021년 03월 03일","90.95","90.79","91.06","90.63","-","0.18%"
"2021년 03월 02일","90.79","91.03","91.39","90.72","-","-0.28%"
"2021년 03월 01일","91.04","90.93","91.14","90.69","-","0.18%"
"2021년 02월 26일","90.88","90.36","90.97","90.13","-","0.83%"
"2021년 02월 25일","90.13","90.07","90.29","89.68","-","-0.05%"
"2021년 02월 24일","90.18","90.10","90.43","89.98","-","0.01%"
"2021년 02월 23일","90.17","90.02","90.26","89.94","-","0.18%"
"2021년 02월 22일","90.01","90.34","90.57","90.00","-","-0.39%"
"2021년 02월 19일","90.36","90.57","90.65","90.18","-","-0.25%"
"2021년 02월 18일","90.59","90.90","90.98","90.54","-","-0.39%"
"2021년 02월 17일","90.95","90.71","91.06","90.62","-","0.49%"
"2021년 02월 16일","90.51","90.29","90.65","90.12","-","0.03%"
"2021년 02월 15일","90.48","90.45","90.48","90.27","-","0.00%"
"2021년 02월 12일","90.48","90.41","90.74","90.38","-","0.07%"
"2021년 02월 11일","90.42","90.46","90.47","90.26","-","0.05%"
"2021년 02월 10일","90.37","90.49","90.53","90.25","-","-0.08%"
"2021년 02월 09일","90.44","90.91","90.93","90.43","-","-0.54%"
"2021년 02월 08일","90.93","91.00","91.24","90.90","-","-0.12%"
"2021년 02월 05일","91.04","91.49","91.60","90.98","-","-0.53%"
"2021년 02월 04일","91.53","91.09","91.58","91.08","-","0.39%"
"2021년 02월 03일","91.17","91.05","91.31","90.99","-","-0.03%"
"2021년 02월 02일","91.20","91.00","91.29","90.80","-","0.24%"
"2021년 02월 01일","90.98","90.53","91.06","90.50","-","0.44%"
"2021년 01월 29일","90.58","90.56","90.78","90.36","-","0.14%"
"2021년 01월 28일","90.46","90.73","90.86","90.40","-","-0.21%"
"2021년 01월 27일","90.65","90.15","90.88","90.15","-","0.53%"
"2021년 01월 26일","90.17","90.39","90.61","90.12","-","-0.24%"
"2021년 01월 25일","90.39","90.23","90.52","90.08","-","0.17%"
"2021년 01월 22일","90.24","90.05","90.31","90.05","-","0.12%"
"2021년 01월 21일","90.13","90.42","90.45","90.05","-","-0.38%"
"2021년 01월 20일","90.47","90.41","90.70","90.28","-","-0.03%"
"2021년 01월 19일","90.50","90.73","90.76","90.40","-","-0.29%"
"2021년 01월 18일","90.76","90.78","90.95","90.71","-","-0.01%"
"2021년 01월 15일","90.77","90.22","90.80","90.22","-","0.59%"
"2021년 01월 14일","90.24","90.28","90.58","90.07","-","-0.13%"
"2021년 01월 13일","90.36","90.00","90.45","89.92","-","0.29%"
"2021년 01월 12일","90.09","90.52","90.62","90.03","-","-0.41%"
"2021년 01월 11일","90.46","90.07","90.73","90.03","-","0.41%"
"2021년 01월 08일","90.10","89.83","90.25","89.66","-","0.30%"
"2021년 01월 07일","89.83","89.32","89.97","89.32","-","0.33%"
"2021년 01월 06일","89.53","89.48","89.80","89.21","-","0.11%"
"2021년 01월 05일","89.44","89.90","89.90","89.43","-","-0.48%"
"2021년 01월 04일","89.87","89.93","89.94","89.42","-","-0.08%"
"2021년 01월 01일","89.94","89.93","89.94","89.93","-","0.00%"
"2020년 12월 31일","89.94","89.61","89.98","89.52","-","0.29%"
"2020년 12월 30일","89.68","89.98","89.98","89.56","-","-0.35%"
"2020년 12월 29일","89.99","90.21","90.23","89.85","-","-0.38%"
"2020년 12월 28일","90.34","90.22","90.38","89.98","-","0.02%"
"2020년 12월 25일","90.32","90.33","90.42","90.21","-","0.00%"
"2020년 12월 24일","90.32","90.28","90.38","90.15","-","-0.10%"
"2020년 12월 23일","90.41","90.52","90.67","90.16","-","-0.27%"
"2020년 12월 22일","90.65","90.09","90.72","90.06","-","0.68%"
"2020년 12월 21일","90.04","89.92","91.02","89.92","-","0.03%"
"2020년 12월 18일","90.02","89.83","90.13","89.83","-","0.22%"
"2020년 12월 17일","89.82","90.27","90.27","89.73","-","-0.69%"
"2020년 12월 16일","90.45","90.49","90.70","90.13","-","-0.03%"
"2020년 12월 15일","90.47","90.69","90.82","90.42","-","-0.26%"
"2020년 12월 14일","90.71","90.98","90.98","90.42","-","-0.29%"
"2020년 12월 11일","90.98","90.74","91.04","90.62","-","0.17%"
"2020년 12월 10일","90.82","91.06","91.15","90.67","-","-0.29%"
"2020년 12월 09일","91.09","90.92","91.20","90.69","-","0.13%"
"2020년 12월 08일","90.96","90.90","91.02","90.75","-","0.19%"
"2020년 12월 07일","90.79","90.81","91.24","90.62","-","0.10%"
"2020년 12월 04일","90.70","90.71","90.87","90.48","-","-0.01%"
"2020년 12월 03일","90.71","91.06","91.09","90.51","-","-0.44%"
"2020년 12월 02일","91.12","91.19","91.50","90.99","-","-0.21%"
"2020년 12월 01일","91.31","91.94","91.94","91.16","-","-0.61%"
"2020년 11월 30일","91.87","91.78","92.05","91.51","-","0.09%"
"2020년 11월 27일","91.79","92.02","92.05","91.76","-","-0.22%"
"2020년 11월 26일","91.99","91.95","92.17","91.85","-","0.00%"
"2020년 11월 25일","91.99","92.11","92.26","91.93","-","-0.25%"
"2020년 11월 24일","92.23","92.53","92.56","92.13","-","-0.30%"
"2020년 11월 23일","92.50","92.40","92.80","92.02","-","0.12%"
"2020년 11월 20일","92.39","92.34","92.43","92.21","-","0.11%"
"2020년 11월 19일","92.29","92.56","92.72","92.24","-","-0.02%"
"2020년 11월 18일","92.32","92.44","92.51","92.21","-","-0.11%"
"2020년 11월 17일","92.42","92.49","92.61","92.27","-","-0.24%"
"2020년 11월 16일","92.64","92.72","92.84","92.46","-","-0.12%"
"2020년 11월 13일","92.75","92.95","93.00","92.71","-","-0.22%"
"2020년 11월 12일","92.96","93.01","93.14","92.78","-","-0.09%"
"2020년 11월 11일","93.04","92.70","93.21","92.61","-","0.32%"
"2020년 11월 10일","92.75","92.76","92.97","92.60","-","0.03%"
"2020년 11월 09일","92.72","92.24","92.96","92.13","-","0.54%"
"2020년 11월 06일","92.23","92.57","92.82","92.18","-","-0.32%"
"2020년 11월 05일","92.53","93.34","93.54","92.49","-","-0.94%"
"2020년 11월 04일","93.41","93.09","94.30","93.09","-","-0.16%"
"2020년 11월 03일","93.55","94.05","94.05","93.29","-","-0.61%"
"2020년 11월 02일","94.13","93.89","94.29","93.89","-","0.10%"
"2020년 10월 30일","94.04","93.92","94.08","93.65","-","0.09%"
"2020년 10월 29일","93.96","93.46","94.10","93.33","-","0.59%"
"2020년 10월 28일","93.40","93.15","93.64","93.05","-","0.50%"
"2020년 10월 27일","92.94","93.07","93.13","92.79","-","-0.11%"
"2020년 10월 26일","93.04","92.76","93.11","92.74","-","0.30%"
"2020년 10월 23일","92.77","92.93","93.13","92.66","-","-0.20%"
"2020년 10월 22일","92.95","92.67","92.97","92.61","-","0.37%"
"2020년 10월 21일","92.61","93.05","93.07","92.47","-","-0.49%"
"2020년 10월 20일","93.07","93.42","93.50","93.00","-","-0.39%"
"2020년 10월 19일","93.43","93.72","93.77","93.21","-","-0.27%"
"2020년 10월 16일","93.68","93.80","93.88","93.53","-","-0.19%"
"2020년 10월 15일","93.86","93.43","93.90","93.37","-","0.51%"
"2020년 10월 14일","93.38","93.54","93.67","93.25","-","-0.16%"
"2020년 10월 13일","93.53","93.03","93.60","93.03","-","0.50%"
"2020년 10월 12일","93.07","93.06","93.24","93.01","-","0.01%"
"2020년 10월 09일","93.06","93.56","93.59","93.00","-","-0.59%"
"2020년 10월 08일","93.61","93.61","93.78","93.50","-","-0.03%"
"2020년 10월 07일","93.63","93.83","93.90","93.56","-","-0.06%"
"2020년 10월 06일","93.69","93.43","93.85","93.33","-","0.18%"
"2020년 10월 05일","93.51","93.81","93.87","93.37","-","-0.35%"
"2020년 10월 02일","93.84","93.73","94.03","93.69","-","0.14%"
"2020년 10월 01일","93.71","93.80","93.92","93.53","-","-0.19%"
"2020년 09월 30일","93.89","93.85","94.19","93.67","-","0.00%"
"2020년 09월 29일","93.89","94.24","94.30","93.82","-","-0.41%"
"2020년 09월 28일","94.28","94.58","94.64","94.15","-","-0.38%"
"2020년 09월 25일","94.64","94.32","94.74","94.19","-","0.31%"
"2020년 09월 24일","94.35","94.38","94.59","94.20","-","-0.04%"
"2020년 09월 23일","94.39","93.99","94.43","93.93","-","0.43%"
"2020년 09월 22일","93.99","93.55","94.08","93.46","-","0.35%"
"2020년 09월 21일","93.66","93.00","93.78","92.75","-","0.79%"
"2020년 09월 18일","92.93","92.86","93.01","92.77","-","-0.05%"
"2020년 09월 17일","92.97","93.15","93.59","92.87","-","-0.26%"
"2020년 09월 16일","93.21","93.08","93.28","92.78","-","0.18%"
"2020년 09월 15일","93.05","93.06","93.14","92.79","-","0.00%"
"2020년 09월 14일","93.05","93.29","93.33","92.87","-","-0.30%"
"2020년 09월 11일","93.33","93.33","93.38","93.10","-","0.00%"
"2020년 09월 10일","93.34","93.23","93.45","92.70","-","0.09%"
"2020년 09월 09일","93.25","93.58","93.66","93.14","-","-0.20%"
"2020년 09월 08일","93.44","93.05","93.52","93.00","-","0.78%"
"2020년 09월 07일","92.72","92.97","93.09","92.72","-","0.00%"
"2020년 09월 04일","92.72","92.80","93.24","92.66","-","-0.02%"
"2020년 09월 03일","92.74","92.66","93.07","92.65","-","-0.12%"
"2020년 09월 02일","92.85","92.28","92.87","92.21","-","0.55%"
"2020년 09월 01일","92.34","92.18","92.40","91.75","-","0.21%"
"2020년 08월 31일","92.14","92.30","92.48","91.99","-","-0.25%"
"2020년 08월 28일","92.37","93.02","93.10","92.20","-","-0.68%"
"2020년 08월 27일","93.00","92.85","93.32","92.42","-","0.00%"
"2020년 08월 26일","93.01","93.02","93.36","92.85","-","-0.01%"
"2020년 08월 25일","93.02","93.28","93.35","92.97","-","-0.30%"
"2020년 08월 24일","93.30","93.20","93.34","92.84","-","0.05%"
"2020년 08월 21일","93.25","92.72","93.47","92.57","-","0.49%"
"2020년 08월 20일","92.79","92.96","93.24","92.73","-","-0.10%"
"2020년 08월 19일","92.89","92.28","93.05","92.15","-","0.67%"
"2020년 08월 18일","92.27","92.82","92.82","92.13","-","-0.62%"
"2020년 08월 17일","92.85","93.10","93.12","92.77","-","-0.26%"
"2020년 08월 14일","93.10","93.22","93.41","93.01","-","-0.26%"
"2020년 08월 13일","93.33","93.36","93.39","92.93","-","-0.12%"
"2020년 08월 12일","93.44","93.68","93.90","93.27","-","-0.20%"
"2020년 08월 11일","93.63","93.60","93.74","93.17","-","0.05%"
"2020년 08월 10일","93.58","93.39","93.69","93.30","-","0.16%"
"2020년 08월 07일","93.43","92.81","93.62","92.76","-","0.70%"
"2020년 08월 06일","92.79","92.77","93.09","92.52","-","-0.09%"
"2020년 08월 05일","92.87","93.23","93.25","92.56","-","-0.55%"
"2020년 08월 04일","93.38","93.56","93.83","93.23","-","-0.17%"
"2020년 08월 03일","93.54","93.46","93.99","93.32","-","0.21%"
"2020년 07월 31일","93.35","92.82","93.54","92.55","-","0.35%"
"2020년 07월 30일","93.02","93.32","93.68","92.93","-","-0.46%"
"2020년 07월 29일","93.45","93.75","93.80","93.18","-","-0.26%"
"2020년 07월 28일","93.70","93.58","94.01","93.49","-","0.03%"
"2020년 07월 27일","93.67","94.35","94.42","93.48","-","-0.81%"
"2020년 07월 24일","94.43","94.77","94.83","94.33","-","-0.27%"
"2020년 07월 23일","94.69","94.98","95.18","94.59","-","-0.31%"
"2020년 07월 22일","94.99","95.13","95.41","94.83","-","-0.14%"
"2020년 07월 21일","95.12","95.75","95.92","95.05","-","-0.75%"
"2020년 07월 20일","95.83","96.01","96.18","95.73","-","-0.11%"
"2020년 07월 17일","95.94","96.28","96.33","95.90","-","-0.42%"
"2020년 07월 16일","96.35","96.00","96.40","95.89","-","0.28%"
"2020년 07월 15일","96.08","96.17","96.25","95.78","-","-0.18%"
"2020년 07월 14일","96.26","96.54","96.70","96.18","-","-0.21%"
"2020년 07월 13일","96.46","96.66","96.68","96.27","-","-0.19%"
"2020년 07월 10일","96.65","96.75","96.97","96.44","-","-0.05%"
"2020년 07월 09일","96.70","96.45","96.81","96.24","-","0.28%"
"2020년 07월 08일","96.43","96.99","97.05","96.40","-","-0.47%"
"2020년 07월 07일","96.88","96.75","97.15","96.60","-","0.16%"
"2020년 07월 06일","96.72","97.15","97.19","96.57","-","-0.46%"
"2020년 07월 03일","97.17","97.21","97.36","97.12","-","-0.15%"
"2020년 07월 02일","97.32","97.14","97.34","96.81","-","0.12%"
"2020년 07월 01일","97.20","97.39","97.62","97.03","-","-0.20%"
"2020년 06월 30일","97.39","97.40","97.80","97.23","-","-0.15%"
"2020년 06월 29일","97.54","97.50","97.65","97.11","-","0.11%"
"2020년 06월 26일","97.43","97.35","97.68","97.26","-","0.00%"
"2020년 06월 25일","97.43","97.24","97.60","97.16","-","0.29%"
"2020년 06월 24일","97.15","96.66","97.24","96.55","-","0.52%"
"2020년 06월 23일","96.65","96.93","97.25","96.39","-","-0.40%"
"2020년 06월 22일","97.04","97.66","97.74","97.00","-","-0.60%"
"2020년 06월 19일","97.62","97.42","97.72","97.16","-","0.21%"
"2020년 06월 18일","97.42","97.08","97.58","96.95","-","0.27%"
"2020년 06월 17일","97.16","97.01","97.34","96.80","-","0.21%"
"2020년 06월 16일","96.96","96.56","97.25","96.43","-","0.26%"
"2020년 06월 15일","96.71","97.09","97.39","96.60","-","-0.63%"
"2020년 06월 12일","97.32","96.81","97.45","96.49","-","0.61%"
"2020년 06월 11일","96.73","96.09","96.83","95.95","-","0.81%"
"2020년 06월 10일","95.96","96.43","96.46","95.72","-","-0.38%"
"2020년 06월 09일","96.32","96.63","97.06","96.23","-","-0.30%"
"2020년 06월 08일","96.62","96.84","97.07","96.60","-","-0.33%"
"2020년 06월 05일","96.94","96.74","97.03","96.44","-","0.27%"
"2020년 06월 04일","96.68","97.32","97.63","96.57","-","-0.62%"
"2020년 06월 03일","97.28","97.57","97.63","97.18","-","-0.41%"
"2020년 06월 02일","97.67","97.84","97.91","97.43","-","-0.16%"
"2020년 06월 01일","97.83","98.30","98.32","97.79","-","-0.52%"
"2020년 05월 29일","98.34","98.51","98.55","97.94","-","-0.04%"
"2020년 05월 28일","98.38","98.91","99.09","98.35","-","-0.69%"
"2020년 05월 27일","99.06","99.02","99.34","98.72","-","0.16%"
"2020년 05월 26일","98.91","99.76","99.77","98.90","-","-0.96%"
"2020년 05월 25일","99.86","99.79","99.97","99.69","-","0.00%"
"2020년 05월 22일","99.86","99.42","99.87","99.39","-","0.50%"
"2020년 05월 21일","99.37","99.18","99.51","99.02","-","0.25%"
"2020년 05월 20일","99.12","99.55","99.56","99.00","-","-0.25%"
"2020년 05월 19일","99.37","99.62","99.73","99.23","-","-0.29%"
"2020년 05월 18일","99.67","100.36","100.47","99.58","-","-0.73%"
"2020년 05월 15일","100.40","100.26","100.49","100.08","-","-0.06%"
"2020년 05월 14일","100.47","100.19","100.56","100.15","-","0.22%"
"2020년 05월 13일","100.24","100.01","100.28","99.58","-","0.31%"
"2020년 05월 12일","99.93","100.23","100.44","99.66","-","-0.30%"
"2020년 05월 11일","100.24","99.12","100.28","99.12","-","0.50%"
"2020년 05월 08일","99.73","99.84","99.94","99.10","-","-0.16%"
"2020년 05월 07일","99.89","100.21","100.40","99.81","-","-0.20%"
"2020년 05월 06일","100.09","99.79","100.20","99.75","-","0.38%"
"2020년 05월 05일","99.71","99.51","99.97","99.30","-","0.23%"
"2020년 05월 04일","99.48","98.57","99.60","98.57","-","0.41%"
"2020년 05월 01일","99.08","99.13","99.21","98.64","-","0.06%"
"2020년 04월 30일","99.02","99.48","99.72","98.81","-","-0.55%"
"2020년 04월 29일","99.57","99.88","99.89","99.46","-","-0.30%"
"2020년 04월 28일","99.86","100.06","100.21","99.45","-","-0.18%"
"2020년 04월 27일","100.04","100.23","100.32","99.83","-","-0.34%"
"2020년 04월 24일","100.38","100.50","100.87","100.19","-","-0.05%"
"2020년 04월 23일","100.43","100.45","100.69","100.04","-","0.04%"
"2020년 04월 22일","100.39","100.21","100.50","99.90","-","0.13%"
"2020년 04월 21일","100.26","99.94","100.48","99.93","-","0.30%"
"2020년 04월 20일","99.96","99.71","100.07","99.65","-","0.17%"
"2020년 04월 17일","99.78","99.86","100.29","99.62","-","-0.24%"
"2020년 04월 16일","100.03","99.63","100.30","99.61","-","0.57%"
"2020년 04월 15일","99.46","98.82","99.98","98.82","-","0.58%"
"2020년 04월 14일","98.89","99.38","99.43","98.82","-","-0.46%"
"2020년 04월 13일","99.35","99.49","99.63","99.14","-","-0.17%"
"2020년 04월 10일","99.52","99.58","99.63","99.36","-","0.00%"
"2020년 04월 09일","99.52","100.13","100.30","99.36","-","-0.60%"
"2020년 04월 08일","100.12","99.91","100.43","99.90","-","0.22%"
"2020년 04월 07일","99.90","100.75","100.79","99.77","-","-0.78%"
"2020년 04월 06일","100.68","100.66","100.93","100.47","-","0.11%"
"2020년 04월 03일","100.58","100.20","100.85","100.14","-","0.40%"
"2020년 04월 02일","100.18","99.51","100.41","99.33","-","0.51%"
"2020년 04월 01일","99.67","99.01","99.84","98.91","-","0.63%"
"2020년 03월 31일","99.05","99.25","99.95","98.89","-","-0.13%"
"2020년 03월 30일","99.18","98.31","99.32","98.29","-","0.83%"
"2020년 03월 27일","98.36","99.29","99.81","98.27","-","-0.99%"
"2020년 03월 26일","99.35","100.96","101.02","99.24","-","-1.68%"
"2020년 03월 25일","101.05","101.60","101.91","100.84","-","-0.97%"
"2020년 03월 24일","102.04","102.13","102.21","101.05","-","-0.44%"
"2020년 03월 23일","102.49","101.95","102.98","101.65","-","-0.32%"
"2020년 03월 20일","102.82","102.94","102.99","101.09","-","0.06%"
"2020년 03월 19일","102.75","100.79","102.94","100.77","-","1.58%"
"2020년 03월 18일","101.16","99.38","101.74","99.15","-","1.59%"
"2020년 03월 17일","99.57","98.14","99.83","97.98","-","1.54%"
"2020년 03월 16일","98.07","98.70","98.70","97.45","-","-0.69%"
"2020년 03월 13일","98.75","97.45","98.81","97.33","-","1.31%"
"2020년 03월 12일","97.47","96.65","98.31","96.08","-","1.00%"
"2020년 03월 11일","96.51","96.33","96.69","95.91","-","0.10%"
"2020년 03월 10일","96.41","95.34","96.58","95.23","-","1.60%"
"2020년 03월 09일","94.89","96.11","95.79","94.65","-","-1.10%"
"2020년 03월 06일","95.95","96.61","96.70","95.71","-","-0.90%"
"2020년 03월 05일","96.82","97.38","97.44","96.51","-","-0.53%"
"2020년 03월 04일","97.34","97.17","97.59","97.12","-","0.19%"
"2020년 03월 03일","97.15","97.56","97.69","96.98","-","-0.21%"
"2020년 03월 02일","97.36","98.12","98.12","97.18","-","-0.79%"
"2020년 02월 28일","98.13","98.42","98.66","97.96","-","-0.38%"
"2020년 02월 27일","98.51","99.02","99.05","98.36","-","-0.49%"
"2020년 02월 26일","99.00","99.08","99.27","98.91","-","0.03%"
"2020년 02월 25일","98.97","99.33","99.39","98.88","-","-0.39%"
"2020년 02월 24일","99.36","99.34","99.64","99.11","-","0.10%"
"2020년 02월 21일","99.26","99.86","99.87","99.23","-","-0.60%"
"2020년 02월 20일","99.86","99.54","99.91","99.53","-","0.16%"
"2020년 02월 19일","99.71","99.43","99.72","99.38","-","0.27%"
"2020년 02월 18일","99.44","99.19","99.47","99.14","-","0.44%"
"2020년 02월 17일","99.00","99.16","99.21","99.00","-","-0.12%"
"2020년 02월 14일","99.12","99.12","99.17","99.00","-","0.06%"
"2020년 02월 13일","99.07","98.99","99.11","98.85","-","0.02%"
"2020년 02월 12일","99.05","98.77","99.05","98.71","-","0.33%"
"2020년 02월 11일","98.72","98.86","98.95","98.71","-","-0.11%"
"2020년 02월 10일","98.83","98.70","98.88","98.60","-","0.15%"
"2020년 02월 07일","98.68","98.46","98.72","98.42","-","0.19%"
"2020년 02월 06일","98.50","98.29","98.57","98.21","-","0.20%"
"2020년 02월 05일","98.30","97.94","98.32","97.90","-","0.35%"
"2020년 02월 04일","97.96","97.82","98.01","97.79","-","0.16%"
"2020년 02월 03일","97.80","97.37","97.89","97.37","-","0.42%"
"2020년 01월 31일","97.39","97.87","97.97","97.35","-","-0.49%"
"2020년 01월 30일","97.87","98.03","98.07","97.79","-","-0.12%"
"2020년 01월 29일","97.99","97.95","98.19","97.94","-","-0.03%"
"2020년 01월 28일","98.02","97.95","98.16","97.90","-","0.06%"
"2020년 01월 27일","97.96","97.88","98.00","97.78","-","0.11%"
"2020년 01월 24일","97.85","97.72","97.95","97.67","-","0.16%"
"2020년 01월 23일","97.69","97.48","97.80","97.43","-","0.16%"
"2020년 01월 22일","97.53","97.62","97.69","97.44","-","0.00%"
"2020년 01월 21일","97.53","97.63","97.66","97.39","-","-0.08%"
"2020년 01월 20일","97.61","97.64","97.73","97.58","-","-0.03%"
"2020년 01월 17일","97.64","97.30","97.66","97.27","-","0.33%"
"2020년 01월 16일","97.32","97.18","97.36","97.08","-","0.09%"
"2020년 01월 15일","97.23","97.38","97.44","97.16","-","-0.14%"
"2020년 01월 14일","97.37","97.36","97.56","97.33","-","0.03%"
"2020년 01월 13일","97.34","97.35","97.53","97.31","-","-0.02%"
"2020년 01월 10일","97.36","97.43","97.58","97.30","-","-0.09%"
"2020년 01월 09일","97.45","97.27","97.56","97.25","-","0.15%"
"2020년 01월 08일","97.30","96.83","97.35","96.82","-","0.31%"
"2020년 01월 07일","97.00","96.65","97.09","96.62","-","0.34%"
"2020년 01월 06일","96.67","96.90","96.90","96.54","-","-0.18%"
"2020년 01월 03일","96.84","96.79","97.11","96.71","-","-0.01%"
"2020년 01월 02일","96.85","96.48","96.87","96.42","-","0.48%"
"2020년 01월 01일","96.39","96.50","97.10","96.39","-","0.00%"
"2019년 12월 31일","96.39","96.73","96.73","96.36","-","-0.36%"
"2019년 12월 30일","96.74","97.02","97.02","96.61","-","-0.19%"
"2019년 12월 27일","96.92","97.54","97.55","96.92","-","-0.63%"
"2019년 12월 26일","97.53","97.62","97.71","97.49","-","-0.12%"
"2019년 12월 25일","97.65","97.67","97.73","97.35","-","0.00%"
"2019년 12월 24일","97.65","97.66","97.80","97.61","-","-0.01%"
"2019년 12월 23일","97.66","97.67","97.82","97.58","-","-0.03%"
"2019년 12월 20일","97.69","97.39","97.76","97.38","-","0.32%"
"2019년 12월 19일","97.38","97.40","97.49","97.22","-","-0.02%"
"2019년 12월 18일","97.40","97.23","97.47","97.22","-","0.19%"
"2019년 12월 17일","97.22","97.14","97.30","97.03","-","0.21%"
"2019년 12월 16일","97.02","97.18","97.18","96.93","-","-0.15%"
"2019년 12월 13일","97.17","96.78","97.24","96.72","-","-0.24%"
"2019년 12월 12일","97.40","97.08","97.52","96.59","-","0.33%"
"2019년 12월 11일","97.08","97.51","97.60","97.04","-","-0.34%"
"2019년 12월 10일","97.41","97.65","97.66","97.40","-","-0.24%"
"2019년 12월 09일","97.64","97.68","97.72","97.56","-","-0.06%"
"2019년 12월 06일","97.70","97.38","97.84","97.36","-","0.30%"
"2019년 12월 05일","97.41","97.59","97.59","97.36","-","-0.25%"
"2019년 12월 04일","97.65","97.71","97.79","97.43","-","-0.09%"
"2019년 12월 03일","97.74","97.89","97.94","97.64","-","-0.12%"
"2019년 12월 02일","97.86","98.27","98.38","97.81","-","-0.42%"
"2019년 11월 29일","98.27","98.34","98.54","98.22","-","-0.10%"
"2019년 11월 28일","98.37","98.33","98.40","98.26","-","0.00%"
"2019년 11월 27일","98.37","98.30","98.44","98.28","-","0.12%"
"2019년 11월 26일","98.25","98.33","98.38","98.23","-","-0.07%"
"2019년 11월 25일","98.32","98.27","98.38","98.17","-","0.05%"
"2019년 11월 22일","98.27","97.93","98.31","97.84","-","0.29%"
"2019년 11월 21일","97.99","97.86","98.03","97.73","-","0.06%"
"2019년 11월 20일","97.93","97.84","98.04","97.84","-","0.07%"
"2019년 11월 19일","97.86","97.81","97.89","97.75","-","0.07%"
"2019년 11월 18일","97.79","97.98","97.98","97.68","-","-0.21%"
"2019년 11월 15일","98.00","98.17","98.23","97.96","-","-0.16%"
"2019년 11월 14일","98.16","98.34","98.42","98.11","-","-0.21%"
"2019년 11월 13일","98.37","98.33","98.45","98.29","-","0.06%"
"2019년 11월 12일","98.31","98.21","98.42","98.21","-","0.11%"
"2019년 11월 11일","98.20","98.37","98.38","98.13","-","-0.15%"
"2019년 11월 08일","98.35","98.14","98.40","98.10","-","0.21%"
"2019년 11월 07일","98.14","97.95","98.23","97.82","-","0.19%"
"2019년 11월 06일","97.95","97.94","97.98","97.78","-","-0.03%"
"2019년 11월 05일","97.98","97.55","98.01","97.47","-","0.49%"
"2019년 11월 04일","97.50","97.22","97.58","97.17","-","0.27%"
"2019년 11월 01일","97.24","97.30","97.45","97.11","-","-0.11%"
"2019년 10월 31일","97.35","97.44","97.45","97.22","-","-0.31%"
"2019년 10월 30일","97.65","97.67","98.00","97.45","-","-0.04%"
"2019년 10월 29일","97.69","97.75","97.93","97.61","-","-0.07%"
"2019년 10월 28일","97.76","97.85","97.89","97.67","-","-0.07%"
"2019년 10월 25일","97.83","97.69","97.90","97.57","-","0.20%"
"2019년 10월 24일","97.63","97.46","97.78","97.28","-","0.14%"
"2019년 10월 23일","97.49","97.49","97.65","97.42","-","-0.04%"
"2019년 10월 22일","97.53","97.31","97.57","97.26","-","0.21%"
"2019년 10월 21일","97.33","97.34","97.40","97.15","-","0.05%"
"2019년 10월 18일","97.28","97.60","97.66","97.14","-","-0.34%"
"2019년 10월 17일","97.61","97.99","98.11","97.50","-","-0.40%"
"2019년 10월 16일","98.00","98.32","98.42","97.90","-","-0.30%"
"2019년 10월 15일","98.29","98.45","98.64","98.21","-","-0.16%"
"2019년 10월 14일","98.45","98.36","98.53","98.34","-","0.15%"
"2019년 10월 11일","98.30","98.70","98.74","98.20","-","-0.41%"
"2019년 10월 10일","98.70","98.98","99.07","98.62","-","-0.42%"
"2019년 10월 09일","99.12","99.09","99.16","98.90","-","-0.01%"
"2019년 10월 08일","99.13","98.98","99.25","98.85","-","0.16%"
"2019년 10월 07일","98.97","98.82","99.00","98.74","-","0.16%"
"2019년 10월 04일","98.81","98.87","99.00","98.73","-","-0.05%"
"2019년 10월 03일","98.86","99.03","99.19","98.64","-","-0.16%"
"2019년 10월 02일","99.02","99.16","99.42","98.96","-","-0.11%"
"2019년 10월 01일","99.13","99.40","99.67","99.07","-","-0.25%"
"2019년 09월 30일","99.38","99.12","99.46","99.05","-","0.27%"
"2019년 09월 27일","99.11","99.19","99.31","98.99","-","-0.02%"
"2019년 09월 26일","99.13","98.96","99.28","98.84","-","0.09%"
"2019년 09월 25일","99.04","98.38","99.06","98.36","-","0.71%"
"2019년 09월 24일","98.34","98.64","98.70","98.29","-","-0.26%"
"2019년 09월 23일","98.60","98.51","98.83","98.45","-","0.09%"
"2019년 09월 20일","98.51","98.34","98.64","98.14","-","0.24%"
"2019년 09월 19일","98.27","98.57","98.62","98.20","-","-0.29%"
"2019년 09월 18일","98.56","98.21","98.69","98.19","-","0.31%"
"2019년 09월 17일","98.26","98.65","98.74","98.19","-","-0.35%"
"2019년 09월 16일","98.61","98.12","98.71","98.03","-","0.36%"
"2019년 09월 13일","98.26","98.41","98.43","97.86","-","-0.05%"
"2019년 09월 12일","98.31","98.63","99.10","98.19","-","-0.33%"
"2019년 09월 11일","98.64","98.33","98.75","97.86","-","0.32%"
"2019년 09월 10일","98.33","98.33","98.46","98.26","-","0.05%"
"2019년 09월 09일","98.28","98.42","98.51","98.14","-","-0.11%"
"2019년 09월 06일","98.39","98.42","98.52","98.01","-","-0.02%"
"2019년 09월 05일","98.41","98.40","98.53","98.08","-","-0.04%"
"2019년 09월 04일","98.45","98.96","98.97","98.39","-","-0.56%"
"2019년 09월 03일","99.00","99.08","99.37","98.92","-","0.08%"
"2019년 09월 02일","98.92","98.83","99.13","98.81","-","0.00%"
"2019년 08월 30일","98.92","98.43","99.02","98.41","-","0.42%"
"2019년 08월 29일","98.51","98.19","98.55","98.16","-","0.31%"
"2019년 08월 28일","98.21","98.01","98.26","98.00","-","0.21%"
"2019년 08월 27일","98.00","98.05","98.05","97.86","-","-0.08%"
"2019년 08월 26일","98.08","97.59","98.09","97.48","-","0.45%"
"2019년 08월 23일","97.64","98.19","98.45","97.17","-","-0.54%"
"2019년 08월 22일","98.17","98.25","98.39","98.08","-","-0.13%"
"2019년 08월 21일","98.30","98.17","98.33","97.95","-","0.11%"
"2019년 08월 20일","98.19","98.36","98.45","98.12","-","-0.16%"
"2019년 08월 19일","98.35","98.17","98.39","98.13","-","0.21%"
"2019년 08월 16일","98.14","98.13","98.34","98.11","-","0.00%"
"2019년 08월 15일","98.14","97.95","98.24","97.82","-","0.15%"
"2019년 08월 14일","97.99","97.80","98.05","97.67","-","0.18%"
"2019년 08월 13일","97.81","97.48","97.85","97.32","-","0.44%"
"2019년 08월 12일","97.38","97.53","97.74","97.32","-","-0.11%"
"2019년 08월 09일","97.49","97.57","97.64","97.03","-","-0.13%"
"2019년 08월 08일","97.62","97.60","97.74","97.43","-","0.08%"
"2019년 08월 07일","97.54","97.56","97.85","97.31","-","-0.09%"
"2019년 08월 06일","97.63","97.25","97.77","97.21","-","0.11%"
"2019년 08월 05일","97.52","98.11","98.14","97.38","-","-0.56%"
"2019년 08월 02일","98.07","98.41","98.45","98.05","-","-0.30%"
"2019년 08월 01일","98.37","98.59","98.93","98.27","-","-0.15%"
"2019년 07월 31일","98.52","98.03","98.68","98.00","-","0.48%"
"2019년 07월 30일","98.05","98.07","98.21","98.02","-","0.01%"
"2019년 07월 29일","98.04","97.99","98.17","97.90","-","0.03%"
"2019년 07월 26일","98.01","97.79","98.09","97.76","-","0.19%"
"2019년 07월 25일","97.82","97.69","97.92","97.50","-","0.09%"
"2019년 07월 24일","97.73","97.72","97.81","97.55","-","0.03%"
"2019년 07월 23일","97.70","97.30","97.74","97.30","-","0.45%"
"2019년 07월 22일","97.26","97.14","97.30","97.13","-","0.11%"
"2019년 07월 19일","97.15","96.82","97.29","96.76","-","0.37%"
"2019년 07월 18일","96.79","97.19","97.26","96.67","-","-0.44%"
"2019년 07월 17일","97.22","97.36","97.44","97.16","-","-0.17%"
"2019년 07월 16일","97.39","96.92","97.44","96.92","-","0.47%"
"2019년 07월 15일","96.93","96.84","96.97","96.75","-","0.12%"
"2019년 07월 12일","96.81","97.08","97.12","96.72","-","-0.25%"
"2019년 07월 11일","97.05","97.06","97.15","96.80","-","-0.05%"
"2019년 07월 10일","97.10","97.51","97.55","97.03","-","-0.40%"
"2019년 07월 09일","97.49","97.38","97.59","97.36","-","0.11%"
"2019년 07월 08일","97.38","97.23","97.42","97.16","-","0.09%"
"2019년 07월 05일","97.29","96.72","97.44","96.72","-","0.54%"
"2019년 07월 04일","96.77","96.71","96.81","96.66","-","0.00%"
"2019년 07월 03일","96.77","96.73","96.87","96.59","-","0.04%"
"2019년 07월 02일","96.73","96.81","96.88","96.60","-","-0.11%"
"2019년 07월 01일","96.84","96.25","96.87","96.25","-","0.74%"
"2019년 06월 28일","96.13","96.19","96.30","96.02","-","-0.06%"
"2019년 06월 27일","96.19","96.17","96.39","96.14","-","-0.02%"
"2019년 06월 26일","96.21","96.18","96.34","96.07","-","0.07%"
"2019년 06월 25일","96.14","96.00","96.36","95.84","-","0.17%"
"2019년 06월 24일","95.98","96.18","96.20","95.97","-","-0.25%"
"2019년 06월 21일","96.22","96.62","96.71","96.09","-","-0.42%"
"2019년 06월 20일","96.63","97.17","97.20","96.57","-","-0.50%"
"2019년 06월 19일","97.12","97.63","97.68","97.09","-","-0.53%"
"2019년 06월 18일","97.64","97.53","97.77","97.37","-","0.08%"
"2019년 06월 17일","97.56","97.52","97.60","97.34","-","-0.01%"
"2019년 06월 14일","97.57","97.01","97.58","96.94","-","0.58%"
"2019년 06월 13일","97.01","96.96","97.08","96.87","-","0.01%"
"2019년 06월 12일","97.00","96.71","97.02","96.58","-","0.32%"
"2019년 06월 11일","96.69","96.75","96.88","96.64","-","-0.07%"
"2019년 06월 10일","96.76","96.64","96.94","96.63","-","0.23%"
"2019년 06월 07일","96.54","97.01","97.18","96.46","-","-0.52%"
"2019년 06월 06일","97.04","97.29","97.35","96.78","-","-0.29%"
"2019년 06월 05일","97.32","97.12","97.37","96.75","-","0.26%"
"2019년 06월 04일","97.07","97.21","97.33","97.00","-","-0.07%"
"2019년 06월 03일","97.14","97.64","97.80","97.11","-","-0.62%"
"2019년 05월 31일","97.75","98.15","98.17","97.61","-","-0.40%"
"2019년 05월 30일","98.14","98.13","98.28","98.09","-","0.00%"
"2019년 05월 29일","98.14","97.92","98.21","97.86","-","0.19%"
"2019년 05월 28일","97.95","97.74","97.98","97.70","-","0.35%"
"2019년 05월 27일","97.61","97.57","97.79","97.55","-","0.00%"
"2019년 05월 24일","97.61","97.83","97.91","97.55","-","-0.26%"
"2019년 05월 23일","97.86","98.06","98.37","97.81","-","-0.18%"
"2019년 05월 22일","98.04","98.02","98.12","97.89","-","-0.02%"
"2019년 05월 21일","98.06","97.92","98.13","97.82","-","0.13%"
"2019년 05월 20일","97.93","97.96","98.04","97.88","-","-0.07%"
"2019년 05월 17일","98.00","97.83","98.03","97.77","-","0.14%"
"2019년 05월 16일","97.86","97.54","97.88","97.44","-","0.30%"
"2019년 05월 15일","97.57","97.53","97.70","97.44","-","0.04%"
"2019년 05월 14일","97.53","97.32","97.56","97.27","-","0.22%"
"2019년 05월 13일","97.32","97.30","97.38","97.03","-","-0.01%"
"2019년 05월 10일","97.33","97.43","97.45","97.13","-","-0.04%"
"2019년 05월 09일","97.37","97.58","97.70","97.24","-","-0.26%"
"2019년 05월 08일","97.62","97.57","97.68","97.42","-","-0.01%"
"2019년 05월 07일","97.63","97.52","97.74","97.38","-","0.11%"
"2019년 05월 06일","97.52","97.56","97.70","97.46","-","0.00%"
"2019년 05월 03일","97.52","97.83","98.10","97.41","-","-0.32%"
"2019년 05월 02일","97.83","97.63","97.85","97.51","-","0.14%"
"2019년 05월 01일","97.69","97.53","97.73","97.15","-","0.22%"
"2019년 04월 30일","97.48","97.84","97.89","97.44","-","-0.39%"
"2019년 04월 29일","97.86","98.03","98.10","97.83","-","-0.15%"
"2019년 04월 26일","98.01","98.12","98.33","97.85","-","-0.19%"
"2019년 04월 25일","98.20","98.10","98.32","97.99","-","0.03%"
"2019년 04월 24일","98.17","97.59","98.19","97.59","-","0.54%"
"2019년 04월 23일","97.64","97.28","97.78","97.28","-","0.36%"
"2019년 04월 22일","97.29","97.38","97.41","97.26","-","-0.09%"
"2019년 04월 19일","97.38","97.42","97.43","97.33","-","-0.09%"
"2019년 04월 18일","97.47","97.01","97.48","96.96","-","0.47%"
"2019년 04월 17일","97.01","97.07","97.12","96.82","-","-0.03%"
"2019년 04월 16일","97.04","96.93","97.09","96.88","-","0.10%"
"2019년 04월 15일","96.94","96.92","96.96","96.79","-","-0.03%"
"2019년 04월 12일","96.97","97.14","97.18","96.75","-","-0.22%"
"2019년 04월 11일","97.18","96.89","97.19","96.88","-","0.24%"
"2019년 04월 10일","96.95","96.99","97.22","96.85","-","-0.06%"
"2019년 04월 09일","97.01","97.08","97.08","96.86","-","-0.04%"
"2019년 04월 08일","97.05","97.39","97.40","96.98","-","-0.35%"
"2019년 04월 05일","97.39","97.30","97.47","97.19","-","0.08%"
"2019년 04월 04일","97.31","97.04","97.34","97.02","-","0.23%"
"2019년 04월 03일","97.09","97.30","97.32","96.96","-","-0.28%"
"2019년 04월 02일","97.36","97.33","97.52","97.27","-","0.13%"
"2019년 04월 01일","97.23","97.18","97.39","97.03","-","-0.05%"
"2019년 03월 29일","97.28","97.20","97.34","97.00","-","0.08%"
"2019년 03월 28일","97.20","96.97","97.30","96.82","-","0.44%"
"2019년 03월 27일","96.77","96.75","96.98","96.68","-","0.03%"
"2019년 03월 26일","96.74","96.50","96.84","96.45","-","0.18%"
"2019년 03월 25일","96.57","96.64","96.68","96.41","-","-0.08%"
"2019년 03월 22일","96.65","96.32","96.81","96.21","-","0.16%"
"2019년 03월 21일","96.50","95.91","96.62","95.84","-","0.77%"
"2019년 03월 20일","95.76","96.40","96.57","95.74","-","-0.64%"
"2019년 03월 19일","96.38","96.51","96.52","96.29","-","-0.15%"
"2019년 03월 18일","96.52","96.56","96.63","96.38","-","-0.07%"
"2019년 03월 15일","96.59","96.72","96.79","96.49","-","-0.20%"
"2019년 03월 14일","96.78","96.49","96.82","96.47","-","0.24%"
"2019년 03월 13일","96.55","97.01","97.02","96.39","-","-0.40%"
"2019년 03월 12일","96.94","97.05","97.28","96.86","-","-0.29%"
"2019년 03월 11일","97.22","97.39","97.45","96.92","-","-0.09%"
"2019년 03월 08일","97.31","97.61","97.64","97.25","-","-0.37%"
"2019년 03월 07일","97.67","96.83","97.71","96.81","-","0.83%"
"2019년 03월 06일","96.87","96.90","96.99","96.78","-","0.00%"
"2019년 03월 05일","96.87","96.67","97.01","96.66","-","0.20%"
"2019년 03월 04일","96.68","96.34","96.82","96.33","-","0.16%"
"2019년 03월 01일","96.53","96.22","96.55","96.07","-","0.38%"
"2019년 02월 28일","96.16","96.09","96.28","95.82","-","0.01%"
"2019년 02월 27일","96.15","96.06","96.19","95.88","-","0.16%"
"2019년 02월 26일","96.00","96.39","96.46","95.95","-","-0.43%"
"2019년 02월 25일","96.41","96.52","96.60","96.32","-","-0.10%"
"2019년 02월 22일","96.51","96.59","96.78","96.42","-","-0.10%"
"2019년 02월 21일","96.61","96.49","96.66","96.36","-","0.17%"
"2019년 02월 20일","96.45","96.53","96.65","96.29","-","-0.07%"
"2019년 02월 19일","96.52","96.81","97.08","96.43","-","-0.39%"
"2019년 02월 18일","96.90","96.81","96.90","96.65","-","0.00%"
"2019년 02월 15일","96.90","97.06","97.37","96.83","-","-0.08%"
"2019년 02월 14일","96.98","97.14","97.28","96.95","-","-0.15%"
"2019년 02월 13일","97.13","96.73","97.26","96.63","-","0.43%"
"2019년 02월 12일","96.71","97.06","97.20","96.65","-","-0.36%"
"2019년 02월 11일","97.06","96.66","97.12","96.62","-","0.43%"
"2019년 02월 08일","96.64","96.60","96.69","96.45","-","0.13%"
"2019년 02월 07일","96.51","96.39","96.67","96.38","-","0.12%"
"2019년 02월 06일","96.39","96.06","96.42","96.04","-","0.33%"
"2019년 02월 05일","96.07","95.83","96.12","95.81","-","0.23%"
"2019년 02월 04일","95.85","95.60","95.92","95.57","-","0.28%"
"2019년 02월 01일","95.58","95.55","95.66","95.40","-","0.00%"
"2019년 01월 31일","95.58","95.35","95.62","95.16","-","0.25%"
"2019년 01월 30일","95.34","95.79","95.98","95.25","-","-0.50%"
"2019년 01월 29일","95.82","95.74","95.87","95.62","-","0.07%"
"2019년 01월 28일","95.75","95.79","95.92","95.64","-","-0.04%"
"2019년 01월 25일","95.79","96.49","96.53","95.74","-","-0.84%"
"2019년 01월 24일","96.60","96.07","96.68","96.04","-","0.50%"
"2019년 01월 23일","96.12","96.31","96.37","96.05","-","-0.19%"
"2019년 01월 22일","96.30","96.34","96.48","96.22","-","-0.04%"
"2019년 01월 21일","96.34","96.35","96.43","96.20","-","0.00%"
"2019년 01월 18일","96.34","96.07","96.39","96.01","-","0.29%"
"2019년 01월 17일","96.06","96.07","96.26","95.98","-","0.00%"
"2019년 01월 16일","96.06","95.94","96.18","95.86","-","0.02%"
"2019년 01월 15일","96.04","95.57","96.26","95.47","-","0.45%"
"2019년 01월 14일","95.61","95.65","95.72","95.48","-","-0.06%"
"2019년 01월 11일","95.67","95.44","95.76","95.19","-","0.14%"
"2019년 01월 10일","95.54","95.16","95.62","95.03","-","0.34%"
"2019년 01월 09일","95.22","95.81","95.92","95.12","-","-0.71%"
"2019년 01월 08일","95.90","95.69","96.03","95.68","-","0.24%"
"2019년 01월 07일","95.67","96.16","96.16","95.64","-","-0.53%"
"2019년 01월 04일","96.18","96.28","96.61","96.05","-","-0.13%"
"2019년 01월 03일","96.31","96.72","96.75","96.21","-","-0.53%"
"2019년 01월 02일","96.82","96.14","96.96","95.82","-","0.68%"
"2019년 01월 01일","96.17","96.15","96.32","95.65","-","0.00%"
"2018년 12월 31일","96.17","96.40","96.51","96.00","-","-0.24%"
"2018년 12월 28일","96.40","96.51","96.52","96.19","-","-0.08%"
"2018년 12월 27일","96.48","96.92","96.94","96.41","-","-0.59%"
"2018년 12월 26일","97.05","96.58","97.12","96.53","-","0.52%"
"2018년 12월 25일","96.55","96.56","96.96","96.47","-","0.00%"
"2018년 12월 24일","96.55","96.94","96.94","96.38","-","-0.42%"
"2018년 12월 21일","96.96","96.39","97.05","96.25","-","0.71%"
"2018년 12월 20일","96.28","96.99","97.04","96.17","-","-0.77%"
"2018년 12월 19일","97.03","96.91","97.10","96.55","-","-0.07%"
"2018년 12월 18일","97.10","97.13","97.17","96.70","-","0.00%"
"2018년 12월 17일","97.10","97.43","97.46","97.05","-","-0.35%"
"2018년 12월 14일","97.44","97.09","97.71","97.08","-","0.39%"
"2018년 12월 13일","97.06","97.04","97.29","96.88","-","0.02%"
"2018년 12월 12일","97.04","97.38","97.49","96.89","-","-0.36%"
"2018년 12월 11일","97.39","97.18","97.55","96.87","-","0.17%"
"2018년 12월 10일","97.22","96.72","97.24","96.36","-","0.74%"
"2018년 12월 07일","96.51","96.80","96.92","96.51","-","-0.31%"
"2018년 12월 06일","96.81","97.01","97.20","96.55","-","-0.27%"
"2018년 12월 05일","97.07","97.01","97.20","96.83","-","0.10%"
"2018년 12월 04일","96.97","96.94","97.13","96.38","-","-0.07%"
"2018년 12월 03일","97.04","97.13","97.16","96.71","-","-0.24%"
"2018년 11월 30일","97.27","96.76","97.31","96.71","-","0.51%"
"2018년 11월 29일","96.78","96.84","97.00","96.63","-","-0.01%"
"2018년 11월 28일","96.79","97.37","97.54","96.69","-","-0.60%"
"2018년 11월 27일","97.37","97.03","97.50","96.97","-","0.31%"
"2018년 11월 26일","97.07","96.93","97.10","96.66","-","0.15%"
"2018년 11월 23일","96.92","96.51","96.98","96.40","-","0.22%"
"2018년 11월 22일","96.71","96.72","96.72","96.32","-","0.00%"
"2018년 11월 21일","96.71","96.82","96.87","96.50","-","-0.13%"
"2018년 11월 20일","96.84","96.20","96.89","96.04","-","0.68%"
"2018년 11월 19일","96.19","96.43","96.57","96.12","-","-0.29%"
"2018년 11월 16일","96.47","97.05","97.06","96.40","-","-0.47%"
"2018년 11월 15일","96.93","97.01","97.39","96.77","-","0.13%"
"2018년 11월 14일","96.80","97.03","97.41","96.75","-","-0.51%"
"2018년 11월 13일","97.30","97.60","97.66","96.94","-","-0.25%"
"2018년 11월 12일","97.54","97.05","97.69","96.97","-","0.65%"
"2018년 11월 09일","96.91","96.63","97.01","96.62","-","0.20%"
"2018년 11월 08일","96.72","96.19","96.74","96.07","-","0.75%"
"2018년 11월 07일","96.00","95.99","96.46","95.68","-","-0.33%"
"2018년 11월 06일","96.32","96.33","96.45","96.14","-","0.04%"
"2018년 11월 05일","96.28","96.44","96.68","96.25","-","-0.27%"
"2018년 11월 02일","96.54","96.31","96.59","95.99","-","0.27%"
"2018년 11월 01일","96.28","97.08","97.11","96.20","-","-0.88%"
"2018년 10월 31일","97.13","96.99","97.20","96.88","-","0.12%"
"2018년 10월 30일","97.01","96.66","97.02","96.62","-","0.45%"
"2018년 10월 29일","96.58","96.44","96.70","96.35","-","0.23%"
"2018년 10월 26일","96.36","96.59","96.86","96.29","-","-0.33%"
"2018년 10월 25일","96.68","96.36","96.73","96.21","-","0.26%"
"2018년 10월 24일","96.43","95.92","96.53","95.91","-","0.49%"
"2018년 10월 23일","95.96","96.03","96.16","95.81","-","-0.05%"
"2018년 10월 22일","96.01","95.66","96.09","95.47","-","0.31%"
"2018년 10월 19일","95.71","95.95","96.09","95.54","-","-0.20%"
"2018년 10월 18일","95.90","95.66","95.99","95.49","-","0.33%"
"2018년 10월 17일","95.58","95.09","95.66","95.06","-","0.56%"
"2018년 10월 16일","95.05","95.05","95.20","94.79","-","-0.01%"
"2018년 10월 15일","95.06","95.35","95.37","94.95","-","-0.17%"
"2018년 10월 12일","95.22","95.04","95.37","94.95","-","0.21%"
"2018년 10월 11일","95.02","95.43","95.43","94.99","-","-0.51%"
"2018년 10월 10일","95.51","95.59","95.79","95.38","-","-0.17%"
"2018년 10월 09일","95.67","95.75","96.16","95.64","-","-0.09%"
"2018년 10월 08일","95.76","95.62","96.03","95.59","-","0.15%"
"2018년 10월 05일","95.62","95.76","95.94","95.52","-","-0.14%"
"2018년 10월 04일","95.75","96.05","96.12","95.55","-","-0.01%"
"2018년 10월 03일","95.76","95.46","96.12","95.26","-","0.26%"
"2018년 10월 02일","95.51","95.30","95.74","95.26","-","0.22%"
"2018년 10월 01일","95.30","95.11","95.37","95.00","-","0.18%"
"2018년 09월 28일","95.13","95.02","95.37","94.92","-","0.25%"
"2018년 09월 27일","94.89","94.25","95.01","94.21","-","0.74%"
"2018년 09월 26일","94.19","94.17","94.40","93.95","-","0.06%"
"2018년 09월 25일","94.13","94.25","94.37","94.01","-","-0.06%"
"2018년 09월 24일","94.19","94.23","94.37","93.84","-","-0.03%"
"2018년 09월 21일","94.22","93.89","94.33","93.81","-","0.33%"
"2018년 09월 20일","93.91","94.55","94.56","93.83","-","-0.67%"
"2018년 09월 19일","94.54","94.54","94.73","94.32","-","-0.11%"
"2018년 09월 18일","94.64","94.61","94.73","94.31","-","0.15%"
"2018년 09월 17일","94.50","94.93","94.98","94.44","-","-0.45%"
"2018년 09월 14일","94.93","94.55","95.00","94.36","-","0.43%"
"2018년 09월 13일","94.52","94.83","94.97","94.43","-","-0.30%"
"2018년 09월 12일","94.80","95.10","95.28","94.73","-","-0.47%"
"2018년 09월 11일","95.25","95.15","95.35","94.88","-","0.11%"
"2018년 09월 10일","95.15","95.43","95.56","95.03","-","-0.22%"
"2018년 09월 07일","95.36","95.02","95.46","94.87","-","0.36%"
"2018년 09월 06일","95.02","95.10","95.21","94.93","-","-0.17%"
"2018년 09월 05일","95.18","95.40","95.66","95.08","-","-0.27%"
"2018년 09월 04일","95.44","95.14","95.74","95.14","-","0.32%"
"2018년 09월 03일","95.14","95.19","95.22","95.01","-","0.00%"
"2018년 08월 31일","95.14","94.70","95.22","94.55","-","0.44%"
"2018년 08월 30일","94.72","94.53","94.90","94.47","-","0.13%"
"2018년 08월 29일","94.60","94.73","94.93","94.53","-","-0.13%"
"2018년 08월 28일","94.72","94.77","94.91","94.43","-","-0.06%"
"2018년 08월 27일","94.78","95.17","95.30","94.69","-","-0.39%"
"2018년 08월 24일","95.15","95.64","95.69","95.03","-","-0.54%"
"2018년 08월 23일","95.67","95.17","95.71","95.15","-","0.55%"
"2018년 08월 22일","95.15","95.21","95.38","94.93","-","-0.12%"
"2018년 08월 21일","95.26","95.74","95.75","95.08","-","-0.67%"
"2018년 08월 20일","95.90","96.13","96.40","95.73","-","-0.21%"
"2018년 08월 17일","96.10","96.61","96.66","96.09","-","-0.56%"
"2018년 08월 16일","96.64","96.72","96.77","96.32","-","-0.06%"
"2018년 08월 15일","96.70","96.66","96.98","96.65","-","-0.03%"
"2018년 08월 14일","96.73","96.33","96.79","96.14","-","0.35%"
"2018년 08월 13일","96.39","96.32","96.52","96.16","-","0.03%"
"2018년 08월 10일","96.36","95.64","96.45","95.53","-","0.90%"
"2018년 08월 09일","95.50","95.10","95.62","95.03","-","0.47%"
"2018년 08월 08일","95.05","95.14","95.42","94.99","-","-0.18%"
"2018년 08월 07일","95.22","95.34","95.37","94.99","-","-0.15%"
"2018년 08월 06일","95.36","95.20","95.52","95.20","-","0.23%"
"2018년 08월 03일","95.14","95.18","95.37","94.98","-","-0.02%"
"2018년 08월 02일","95.16","94.63","95.19","94.61","-","0.57%"
"2018년 08월 01일","94.62","94.56","94.71","94.49","-","0.14%"
"2018년 07월 31일","94.49","94.33","94.57","94.16","-","0.18%"
"2018년 07월 30일","94.32","94.66","94.76","94.26","-","-0.37%"
"2018년 07월 27일","94.67","94.76","94.91","94.63","-","-0.08%"
"2018년 07월 26일","94.75","94.16","94.80","94.08","-","0.41%"
"2018년 07월 25일","94.36","94.59","94.67","94.14","-","-0.26%"
"2018년 07월 24일","94.61","94.67","94.86","94.40","-","-0.06%"
"2018년 07월 23일","94.67","94.43","94.72","94.21","-","0.23%"
"2018년 07월 20일","94.45","95.13","95.28","94.36","-","-0.74%"
"2018년 07월 19일","95.15","95.08","95.65","94.93","-","0.07%"
"2018년 07월 18일","95.08","95.03","95.41","94.96","-","0.15%"
"2018년 07월 17일","94.94","94.55","95.06","94.30","-","0.45%"
"2018년 07월 16일","94.51","94.69","94.77","94.41","-","-0.25%"
"2018년 07월 13일","94.75","94.89","95.24","94.67","-","-0.06%"
"2018년 07월 12일","94.81","94.70","94.94","94.64","-","0.10%"
"2018년 07월 11일","94.72","94.20","94.77","94.09","-","0.61%"
"2018년 07월 10일","94.15","94.06","94.47","94.02","-","0.07%"
"2018년 07월 09일","94.08","93.97","94.21","93.71","-","0.04%"
"2018년 07월 06일","94.04","94.36","94.49","93.92","-","-0.46%"
"2018년 07월 05일","94.47","94.51","94.59","94.18","-","-0.21%"
"2018년 07월 04일","94.67","94.52","94.71","94.40","-","0.00%"
"2018년 07월 03일","94.67","94.84","94.98","94.56","-","-0.38%"
"2018년 07월 02일","95.03","94.63","95.14","94.53","-","0.41%"
"2018년 06월 29일","94.64","95.30","95.32","94.47","-","-0.79%"
"2018년 06월 28일","95.39","95.27","95.53","95.09","-","0.13%"
"2018년 06월 27일","95.27","94.67","95.42","94.53","-","0.64%"
"2018년 06월 26일","94.66","94.29","94.77","94.17","-","0.40%"
"2018년 06월 25일","94.28","94.50","94.70","94.21","-","-0.25%"
"2018년 06월 22일","94.52","94.86","94.88","94.43","-","-0.23%"
"2018년 06월 21일","94.74","95.13","95.53","94.68","-","-0.34%"
"2018년 06월 20일","95.06","94.97","95.30","94.92","-","-0.02%"
"2018년 06월 19일","95.08","94.63","95.30","94.53","-","0.30%"
"2018년 06월 18일","94.80","94.79","95.05","94.70","-","0.01%"
"2018년 06월 15일","94.79","94.91","95.13","94.65","-","0.02%"
"2018년 06월 14일","94.77","93.50","94.93","93.19","-","1.13%"
"2018년 06월 13일","93.71","93.83","94.03","93.52","-","-0.10%"
"2018년 06월 12일","93.80","93.67","93.91","93.47","-","0.24%"
"2018년 06월 11일","93.58","93.54","93.68","93.37","-","0.03%"
"2018년 06월 08일","93.55","93.44","93.82","93.39","-","0.16%"
"2018년 06월 07일","93.40","93.58","93.59","93.21","-","-0.28%"
"2018년 06월 06일","93.66","93.88","93.89","93.42","-","-0.26%"
"2018년 06월 05일","93.90","94.06","94.32","93.78","-","-0.13%"
"2018년 06월 04일","94.02","94.16","94.19","93.66","-","-0.18%"
"2018년 06월 01일","94.19","93.95","94.45","93.88","-","0.22%"
"2018년 05월 31일","93.98","94.07","94.25","93.72","-","-0.18%"
"2018년 05월 30일","94.15","94.82","94.97","94.04","-","-0.72%"
"2018년 05월 29일","94.83","94.41","95.03","94.28","-","0.68%"
"2018년 05월 28일","94.19","94.25","94.50","93.86","-","0.00%"
"2018년 05월 25일","94.19","93.80","94.30","93.75","-","0.46%"
"2018년 05월 24일","93.76","93.90","93.98","93.61","-","-0.26%"
"2018년 05월 23일","94.00","93.55","94.19","93.51","-","0.42%"
"2018년 05월 22일","93.61","93.54","93.73","93.29","-","-0.07%"
"2018년 05월 21일","93.68","93.69","94.06","93.51","-","0.04%"
"2018년 05월 18일","93.64","93.50","93.83","93.34","-","0.18%"
"2018년 05월 17일","93.47","93.26","93.56","93.12","-","0.09%"
"2018년 05월 16일","93.39","93.31","93.63","93.14","-","0.18%"
"2018년 05월 15일","93.22","92.65","93.46","92.61","-","0.68%"
"2018년 05월 14일","92.59","92.55","92.69","92.24","-","0.05%"
"2018년 05월 11일","92.54","92.69","92.84","92.37","-","-0.12%"
"2018년 05월 10일","92.65","93.08","93.16","92.54","-","-0.42%"
"2018년 05월 09일","93.04","93.05","93.42","92.84","-","-0.09%"
"2018년 05월 08일","93.12","92.73","93.28","92.65","-","0.40%"
"2018년 05월 07일","92.75","92.57","92.97","92.45","-","0.19%"
"2018년 05월 04일","92.57","92.43","92.90","92.35","-","0.17%"
"2018년 05월 03일","92.41","92.72","92.76","92.34","-","-0.11%"
"2018년 05월 02일","92.51","92.47","92.83","92.22","-","0.06%"
"2018년 05월 01일","92.45","91.81","92.57","91.80","-","0.66%"
"2018년 04월 30일","91.84","91.53","91.92","91.48","-","0.33%"
"2018년 04월 27일","91.54","91.56","91.99","91.49","-","-0.02%"
"2018년 04월 26일","91.56","91.21","91.64","90.96","-","0.43%"
"2018년 04월 25일","91.17","90.76","91.26","90.75","-","0.44%"
"2018년 04월 24일","90.77","90.92","91.08","90.71","-","-0.20%"
"2018년 04월 23일","90.95","90.35","90.98","90.32","-","0.70%"
"2018년 04월 20일","90.32","89.90","90.48","89.89","-","0.42%"
"2018년 04월 19일","89.94","89.62","89.95","89.50","-","0.36%"
"2018년 04월 18일","89.62","89.50","89.78","89.45","-","0.11%"
"2018년 04월 17일","89.52","89.41","89.67","89.23","-","0.11%"
"2018년 04월 16일","89.42","89.77","89.85","89.39","-","-0.42%"
"2018년 04월 13일","89.80","89.76","89.88","89.66","-","0.06%"
"2018년 04월 12일","89.75","89.52","89.96","89.44","-","0.20%"
"2018년 04월 11일","89.57","89.58","89.67","89.36","-","-0.02%"
"2018년 04월 10일","89.59","89.83","89.97","89.54","-","-0.28%"
"2018년 04월 09일","89.84","90.07","90.27","89.82","-","-0.30%"
"2018년 04월 06일","90.11","90.38","90.60","90.07","-","-0.39%"
"2018년 04월 05일","90.46","90.09","90.59","90.07","-","0.36%"
"2018년 04월 04일","90.14","90.16","90.23","89.92","-","-0.07%"
"2018년 04월 03일","90.20","90.02","90.28","89.85","-","0.17%"
"2018년 04월 02일","90.05","89.97","90.15","89.82","-","0.09%"
"2018년 03월 30일","89.97","90.10","90.12","89.88","-","-0.20%"
"2018년 03월 29일","90.15","90.11","90.18","89.90","-","0.10%"
"2018년 03월 28일","90.06","89.32","90.15","89.25","-","0.82%"
"2018년 03월 27일","89.33","89.02","89.63","88.94","-","0.34%"
"2018년 03월 26일","89.03","89.47","89.52","88.98","-","-0.50%"
"2018년 03월 23일","89.48","89.67","89.74","89.40","-","-0.42%"
"2018년 03월 22일","89.86","89.65","89.96","89.40","-","0.09%"
"2018년 03월 21일","89.78","90.41","90.40","89.63","-","-0.65%"
"2018년 03월 20일","90.37","89.88","90.44","89.85","-","0.67%"
"2018년 03월 19일","89.77","90.20","90.34","89.76","-","-0.51%"
"2018년 03월 16일","90.23","90.14","90.38","89.89","-","0.10%"
"2018년 03월 15일","90.14","89.75","90.17","89.62","-","0.49%"
"2018년 03월 14일","89.70","89.70","89.89","89.56","-","0.04%"
"2018년 03월 13일","89.66","89.91","90.11","89.59","-","-0.26%"
"2018년 03월 12일","89.89","90.11","90.19","89.84","-","-0.22%"
"2018년 03월 09일","90.09","90.20","90.36","90.00","-","-0.10%"
"2018년 03월 08일","90.18","89.59","90.23","89.44","-","0.60%"
"2018년 03월 07일","89.64","89.51","89.78","89.41","-","0.02%"
"2018년 03월 06일","89.62","89.96","90.06","89.43","-","-0.51%"
"2018년 03월 05일","90.08","89.83","90.22","89.83","-","0.16%"
"2018년 03월 02일","89.94","90.25","90.29","89.88","-","-0.42%"
"2018년 03월 01일","90.32","90.67","90.93","90.21","-","-0.32%"
"2018년 02월 28일","90.61","90.41","90.70","90.31","-","0.28%"
"2018년 02월 27일","90.36","89.80","90.50","89.69","-","0.57%"
"2018년 02월 26일","89.85","89.96","90.05","89.50","-","-0.03%"
"2018년 02월 23일","89.88","89.78","90.06","89.76","-","0.16%"
"2018년 02월 22일","89.74","90.16","90.23","89.64","-","-0.29%"
"2018년 02월 21일","90.00","89.71","90.16","89.59","-","0.31%"
"2018년 02월 20일","89.72","89.24","89.80","89.22","-","0.70%"
"2018년 02월 19일","89.10","89.10","89.44","88.95","-","0.00%"
"2018년 02월 16일","89.10","88.57","89.23","88.25","-","0.58%"
"2018년 02월 15일","88.59","88.96","89.00","88.54","-","-0.59%"
"2018년 02월 14일","89.12","89.69","90.12","88.94","-","-0.65%"
"2018년 02월 13일","89.70","90.09","90.18","89.61","-","-0.57%"
"2018년 02월 12일","90.21","90.35","90.43","90.07","-","-0.25%"
"2018년 02월 09일","90.44","90.25","90.56","90.12","-","0.23%"
"2018년 02월 08일","90.23","90.27","90.57","90.01","-","-0.02%"
"2018년 02월 07일","90.25","89.63","90.40","89.47","-","0.75%"
"2018년 02월 06일","89.58","89.66","90.03","89.37","-","0.03%"
"2018년 02월 05일","89.55","89.35","89.70","89.02","-","0.40%"
"2018년 02월 02일","89.19","88.64","89.42","88.59","-","0.59%"
"2018년 02월 01일","88.67","89.04","89.33","88.56","-","-0.52%"
"2018년 01월 31일","89.13","89.10","89.30","88.78","-","-0.03%"
"2018년 01월 30일","89.16","89.36","89.64","88.91","-","-0.17%"
"2018년 01월 29일","89.31","89.11","89.62","89.01","-","0.27%"
"2018년 01월 26일","89.07","89.40","89.40","88.72","-","-0.36%"
"2018년 01월 25일","89.39","89.32","89.58","88.44","-","0.20%"
"2018년 01월 24일","89.21","90.00","90.11","89.16","-","-1.01%"
"2018년 01월 23일","90.12","90.39","90.59","90.06","-","-0.31%"
"2018년 01월 22일","90.40","90.44","90.70","90.35","-","-0.19%"
"2018년 01월 19일","90.57","90.50","90.70","90.16","-","0.08%"
"2018년 01월 18일","90.50","90.78","90.98","90.41","-","-0.04%"
"2018년 01월 17일","90.54","90.41","91.00","90.11","-","0.17%"
"2018년 01월 16일","90.39","90.44","90.82","90.34","-","-0.64%"
"2018년 01월 15일","90.97","90.94","90.94","90.28","-","0.00%"
"2018년 01월 12일","90.97","91.85","91.88","90.90","-","-0.96%"
"2018년 01월 11일","91.85","92.33","92.55","91.79","-","-0.52%"
"2018년 01월 10일","92.33","92.57","92.57","91.92","-","-0.22%"
"2018년 01월 09일","92.53","92.34","92.64","92.21","-","0.18%"
"2018년 01월 08일","92.36","92.06","92.40","91.88","-","0.45%"
"2018년 01월 05일","91.95","91.87","92.10","91.78","-","0.11%"
"2018년 01월 04일","91.85","92.22","92.26","91.80","-","-0.34%"
"2018년 01월 03일","92.16","91.82","92.26","91.81","-","0.32%"
"2018년 01월 02일","91.87","92.24","92.25","91.75","-","-0.41%"
"2018년 01월 01일","92.25","92.29","92.32","92.18","-","-0.04%"
"2017년 12월 31일","92.28","92.28","92.28","92.28","-","0.18%"
"2017년 12월 29일","92.12","92.67","92.67","92.08","-","-0.52%"
"2017년 12월 28일","92.60","93.00","93.02","92.57","-","-0.46%"
"2017년 12월 27일","93.03","93.30","93.31","92.96","-","-0.25%"
"2017년 12월 26일","93.26","93.25","93.40","93.20","-","-0.10%"
"2017년 12월 25일","93.35","93.37","93.40","93.19","-","0.00%"
"2017년 12월 22일","93.35","93.37","93.56","93.31","-","0.08%"
"2017년 12월 21일","93.28","93.31","93.50","93.23","-","-0.03%"
"2017년 12월 20일","93.31","93.50","93.53","93.16","-","-0.14%"
"2017년 12월 19일","93.44","93.71","93.76","93.43","-","-0.27%"
"2017년 12월 18일","93.69","93.98","94.03","93.38","-","-0.26%"
"2017년 12월 15일","93.93","93.65","94.00","93.41","-","0.47%"
"2017년 12월 14일","93.49","93.41","93.76","93.28","-","0.06%"
"2017년 12월 13일","93.43","94.06","94.11","93.39","-","-0.71%"
"2017년 12월 12일","94.10","93.91","94.22","93.76","-","0.25%"
"2017년 12월 11일","93.87","93.93","93.98","93.67","-","-0.03%"
"2017년 12월 08일","93.90","93.79","94.09","93.77","-","0.11%"
"2017년 12월 07일","93.80","93.54","93.80","93.51","-","0.20%"
"2017년 12월 06일","93.61","93.31","93.65","93.17","-","0.25%"
"2017년 12월 05일","93.38","93.08","93.49","93.03","-","0.20%"
"2017년 12월 04일","93.19","93.17","93.36","93.07","-","0.32%"
"2017년 12월 01일","92.89","93.03","93.25","92.60","-","-0.17%"
"2017년 11월 30일","93.05","93.26","93.50","92.73","-","-0.12%"
"2017년 11월 29일","93.16","93.22","93.44","92.99","-","-0.12%"
"2017년 11월 28일","93.27","92.89","93.34","92.83","-","0.40%"
"2017년 11월 27일","92.90","92.73","92.98","92.50","-","0.13%"
"2017년 11월 24일","92.78","93.12","93.25","92.67","-","-0.47%"
"2017년 11월 23일","93.22","93.30","93.31","93.07","-","0.00%"
"2017년 11월 22일","93.22","93.93","93.96","93.21","-","-0.78%"
"2017년 11월 21일","93.95","94.04","94.17","93.88","-","-0.14%"
"2017년 11월 20일","94.08","93.71","94.10","93.58","-","0.45%"
"2017년 11월 17일","93.66","93.87","93.93","93.51","-","-0.29%"
"2017년 11월 16일","93.93","93.84","94.00","93.77","-","0.13%"
"2017년 11월 15일","93.81","93.86","93.93","93.40","-","-0.02%"
"2017년 11월 14일","93.83","94.52","94.54","93.75","-","-0.70%"
"2017년 11월 13일","94.49","94.42","94.64","94.40","-","0.11%"
"2017년 11월 10일","94.39","94.50","94.65","94.26","-","-0.05%"
"2017년 11월 09일","94.44","94.88","94.96","94.42","-","-0.45%"
"2017년 11월 08일","94.87","94.80","94.97","94.78","-","-0.04%"
"2017년 11월 07일","94.91","94.72","95.15","94.70","-","0.16%"
"2017년 11월 06일","94.76","94.87","95.08","94.69","-","-0.19%"
"2017년 11월 03일","94.94","94.73","95.02","94.41","-","0.26%"
"2017년 11월 02일","94.69","94.80","94.80","94.41","-","-0.13%"
"2017년 11월 01일","94.81","94.55","94.85","94.51","-","0.27%"
"2017년 10월 31일","94.55","94.54","94.70","94.45","-","-0.01%"
"2017년 10월 30일","94.56","94.83","94.90","94.44","-","-0.38%"
"2017년 10월 27일","94.92","94.72","95.15","94.73","-","0.33%"
"2017년 10월 26일","94.61","93.63","94.72","93.48","-","0.96%"
"2017년 10월 25일","93.71","93.94","94.01","93.61","-","-0.06%"
"2017년 10월 24일","93.77","93.83","93.99","93.68","-","-0.18%"
"2017년 10월 23일","93.94","93.82","94.02","93.68","-","0.26%"
"2017년 10월 20일","93.70","93.16","93.78","93.12","-","0.58%"
"2017년 10월 19일","93.16","93.42","93.55","93.06","-","-0.21%"
"2017년 10월 18일","93.36","93.48","93.80","93.36","-","-0.16%"
"2017년 10월 17일","93.51","93.31","93.73","93.28","-","0.21%"
"2017년 10월 16일","93.31","93.08","93.36","93.08","-","0.24%"
"2017년 10월 13일","93.09","93.09","93.24","92.75","-","0.03%"
"2017년 10월 12일","93.06","92.95","93.23","92.80","-","0.04%"
"2017년 10월 11일","93.02","93.25","93.37","92.90","-","-0.29%"
"2017년 10월 10일","93.29","93.73","93.74","93.14","-","-0.41%"
"2017년 10월 09일","93.67","93.77","93.84","93.62","-","-0.14%"
"2017년 10월 06일","93.80","93.92","94.27","93.77","-","-0.17%"
"2017년 10월 05일","93.96","93.48","93.99","93.41","-","0.53%"
"2017년 10월 04일","93.46","93.57","93.58","93.26","-","-0.12%"
"2017년 10월 03일","93.57","93.60","93.92","93.43","-","0.01%"
"2017년 10월 02일","93.56","93.22","93.66","93.12","-","0.52%"
"2017년 09월 29일","93.08","93.17","93.27","92.95","-","0.00%"
"2017년 09월 28일","93.08","93.47","93.67","93.07","-","-0.30%"
"2017년 09월 27일","93.36","93.04","93.61","93.00","-","0.42%"
"2017년 09월 26일","92.97","92.60","93.29","92.55","-","0.35%"
"2017년 09월 25일","92.65","92.42","92.72","92.21","-","0.52%"
"2017년 09월 22일","92.17","92.18","92.22","91.78","-","-0.02%"
"2017년 09월 21일","92.19","92.47","92.66","92.10","-","-0.35%"
"2017년 09월 20일","92.51","91.83","92.70","91.53","-","0.78%"
"2017년 09월 19일","91.79","91.98","92.05","91.75","-","-0.28%"
"2017년 09월 18일","92.05","91.95","92.21","91.80","-","0.20%"
"2017년 09월 15일","91.87","92.00","92.17","91.58","-","-0.27%"
"2017년 09월 14일","92.12","92.35","92.66","91.97","-","-0.43%"
"2017년 09월 13일","92.52","91.88","92.53","91.71","-","0.70%"
"2017년 09월 12일","91.88","91.86","92.08","91.77","-","-0.02%"
"2017년 09월 11일","91.90","91.44","91.98","91.42","-","0.60%"
"2017년 09월 08일","91.35","91.49","91.51","91.01","-","-0.34%"
"2017년 09월 07일","91.66","92.20","92.25","91.41","-","-0.68%"
"2017년 09월 06일","92.29","92.24","92.38","91.99","-","0.04%"
"2017년 09월 05일","92.25","92.60","92.73","92.18","-","-0.42%"
"2017년 09월 04일","92.64","92.66","92.70","92.44","-","-0.18%"
"2017년 09월 01일","92.81","92.61","92.93","92.10","-","0.15%"
"2017년 08월 31일","92.67","92.85","93.35","92.56","-","-0.23%"
"2017년 08월 30일","92.88","92.30","92.95","92.25","-","0.68%"
"2017년 08월 29일","92.25","92.22","92.47","91.62","-","0.04%"
"2017년 08월 28일","92.21","92.32","92.55","92.17","-","-0.57%"
"2017년 08월 25일","92.74","93.27","93.44","92.42","-","-0.58%"
"2017년 08월 24일","93.28","93.16","93.38","93.14","-","0.14%"
"2017년 08월 23일","93.15","93.51","93.63","93.13","-","-0.43%"
"2017년 08월 22일","93.55","93.14","93.58","93.06","-","0.49%"
"2017년 08월 21일","93.09","93.45","93.58","93.00","-","-0.36%"
"2017년 08월 18일","93.43","93.68","93.76","93.33","-","-0.20%"
"2017년 08월 17일","93.62","93.44","94.08","93.31","-","0.09%"
"2017년 08월 16일","93.54","93.83","94.14","93.47","-","-0.33%"
"2017년 08월 15일","93.85","93.46","94.14","93.44","-","0.47%"
"2017년 08월 14일","93.41","93.07","93.50","93.05","-","0.37%"
"2017년 08월 11일","93.07","93.43","93.51","92.93","-","-0.35%"
"2017년 08월 10일","93.40","93.50","93.81","93.32","-","-0.16%"
"2017년 08월 09일","93.55","93.56","93.89","93.49","-","-0.11%"
"2017년 08월 08일","93.65","93.44","93.88","93.24","-","0.24%"
"2017년 08월 07일","93.43","93.51","93.54","93.30","-","-0.12%"
"2017년 08월 04일","93.54","92.76","93.77","92.70","-","0.75%"
"2017년 08월 03일","92.84","92.90","93.04","92.68","-","0.00%"
"2017년 08월 02일","92.84","93.06","93.16","92.55","-","-0.21%"
"2017년 08월 01일","93.04","92.89","93.12","92.78","-","0.19%"
"2017년 07월 31일","92.86","93.36","93.53","92.78","-","-0.43%"
"2017년 07월 28일","93.26","93.87","93.95","93.26","-","-0.64%"
"2017년 07월 27일","93.86","93.46","94.10","93.15","-","0.20%"
"2017년 07월 26일","93.67","94.09","94.28","93.37","-","-0.40%"
"2017년 07월 25일","94.05","94.03","94.12","93.64","-","0.07%"
"2017년 07월 24일","93.98","93.94","94.12","93.82","-","0.13%"
"2017년 07월 21일","93.86","94.30","94.36","93.85","-","-0.48%"
"2017년 07월 20일","94.31","94.77","95.17","94.09","-","-0.50%"
"2017년 07월 19일","94.78","94.69","94.89","94.64","-","0.19%"
"2017년 07월 18일","94.60","95.16","95.19","94.48","-","-0.56%"
"2017년 07월 17일","95.13","95.09","95.35","95.02","-","-0.02%"
"2017년 07월 14일","95.15","95.80","95.83","95.09","-","-0.61%"
"2017년 07월 13일","95.73","95.78","95.92","95.46","-","-0.03%"
"2017년 07월 12일","95.76","95.71","95.98","95.51","-","0.09%"
"2017년 07월 11일","95.67","96.07","96.20","95.65","-","-0.36%"
"2017년 07월 10일","96.02","96.03","96.20","95.95","-","0.01%"
"2017년 07월 07일","96.01","95.80","96.15","95.75","-","0.22%"
"2017년 07월 06일","95.80","96.19","96.34","95.78","-","-0.51%"
"2017년 07월 05일","96.29","96.19","96.51","96.07","-","0.07%"
"2017년 07월 04일","96.22","96.16","96.33","96.05","-","0.00%"
"2017년 07월 03일","96.22","95.65","96.24","95.63","-","0.62%"
"2017년 06월 30일","95.63","95.54","95.83","95.47","-","0.00%"
"2017년 06월 29일","95.63","96.04","96.05","95.53","-","-0.40%"
"2017년 06월 28일","96.01","96.43","96.62","95.97","-","-0.39%"
"2017년 06월 27일","96.39","97.43","97.45","96.34","-","-1.07%"
"2017년 06월 26일","97.43","97.24","97.47","97.11","-","0.17%"
"2017년 06월 23일","97.26","97.56","97.58","97.18","-","-0.34%"
"2017년 06월 22일","97.59","97.55","97.65","97.43","-","0.03%"
"2017년 06월 21일","97.56","97.73","97.80","97.52","-","-0.20%"
"2017년 06월 20일","97.76","97.53","97.87","97.43","-","0.22%"
"2017년 06월 19일","97.55","97.10","97.58","97.05","-","0.40%"
"2017년 06월 16일","97.16","97.48","97.56","97.10","-","-0.28%"
"2017년 06월 15일","97.43","96.93","97.56","96.84","-","0.51%"
"2017년 06월 14일","96.94","97.00","97.12","96.32","-","-0.03%"
"2017년 06월 13일","96.97","97.17","97.28","96.95","-","-0.18%"
"2017년 06월 12일","97.14","97.22","97.32","97.04","-","-0.13%"
"2017년 06월 09일","97.27","97.18","97.50","97.14","-","0.36%"
"2017년 06월 08일","96.92","96.70","97.23","96.59","-","0.18%"
"2017년 06월 07일","96.75","96.54","96.98","96.51","-","0.11%"
"2017년 06월 06일","96.64","96.79","96.80","96.52","-","-0.17%"
"2017년 06월 05일","96.80","96.73","96.97","96.70","-","0.08%"
"2017년 06월 02일","96.72","97.19","97.31","96.65","-","-0.49%"
"2017년 06월 01일","97.20","96.99","97.32","96.90","-","0.29%"
"2017년 05월 31일","96.92","97.43","97.50","96.86","-","-0.37%"
"2017년 05월 30일","97.28","97.63","97.78","97.22","-","-0.16%"
"2017년 05월 29일","97.44","97.43","97.61","97.33","-","0.00%"
"2017년 05월 26일","97.44","97.23","97.55","97.04","-","0.20%"
"2017년 05월 25일","97.25","97.07","97.28","96.88","-","0.01%"
"2017년 05월 24일","97.24","97.34","97.47","97.03","-","-0.11%"
"2017년 05월 23일","97.35","96.95","97.42","96.80","-","0.38%"
"2017년 05월 22일","96.98","97.22","97.44","96.80","-","-0.16%"
"2017년 05월 19일","97.14","97.85","97.85","97.08","-","-0.76%"
"2017년 05월 18일","97.88","97.44","98.07","97.37","-","0.31%"
"2017년 05월 17일","97.58","98.09","98.13","97.33","-","-0.54%"
"2017년 05월 16일","98.11","98.88","98.89","98.08","-","-0.81%"
"2017년 05월 15일","98.91","99.15","99.26","98.79","-","-0.34%"
"2017년 05월 12일","99.25","99.63","99.70","99.16","-","-0.37%"
"2017년 05월 11일","99.62","99.66","99.89","99.49","-","-0.05%"
"2017년 05월 10일","99.67","99.48","99.72","99.36","-","0.01%"
"2017년 05월 09일","99.66","99.14","99.69","99.08","-","0.61%"
"2017년 05월 08일","99.06","98.79","99.19","98.60","-","0.42%"
"2017년 05월 05일","98.65","98.77","98.97","98.54","-","-0.15%"
"2017년 05월 04일","98.80","99.35","99.46","98.71","-","-0.41%"
"2017년 05월 03일","99.21","98.92","99.39","98.89","-","0.23%"
"2017년 05월 02일","98.98","99.07","99.22","98.92","-","-0.10%"
"2017년 05월 01일","99.08","98.93","99.21","98.89","-","0.03%"
"2017년 04월 28일","99.05","99.17","99.25","98.72","-","-0.03%"
"2017년 04월 27일","99.08","98.95","99.33","98.81","-","0.03%"
"2017년 04월 26일","99.05","98.85","99.33","98.73","-","0.27%"
"2017년 04월 25일","98.78","99.05","99.22","98.69","-","-0.31%"
"2017년 04월 24일","99.09","98.97","99.33","98.91","-","-0.89%"
"2017년 04월 21일","99.98","99.83","100.03","99.65","-","0.20%"
"2017년 04월 20일","99.78","99.78","99.85","99.37","-","0.04%"
"2017년 04월 19일","99.74","99.51","99.89","99.51","-","0.24%"
"2017년 04월 18일","99.50","100.34","100.40","99.47","-","-0.79%"
"2017년 04월 17일","100.29","100.49","100.47","100.00","-","-0.27%"
"2017년 04월 14일","100.56","100.58","100.61","100.36","-","0.00%"
"2017년 04월 13일","100.56","100.16","100.60","100.01","-","-0.22%"
"2017년 04월 12일","100.78","100.73","100.82","100.09","-","0.07%"
"2017년 04월 11일","100.71","100.97","101.08","100.58","-","-0.31%"
"2017년 04월 10일","101.02","101.18","101.34","100.94","-","-0.16%"
"2017년 04월 07일","101.18","100.73","101.26","100.52","-","0.51%"
"2017년 04월 06일","100.67","100.50","100.77","100.38","-","0.11%"
"2017년 04월 05일","100.56","100.52","100.85","100.41","-","0.02%"
"2017년 04월 04일","100.54","100.49","100.73","100.42","-","0.00%"
"2017년 04월 03일","100.54","100.50","100.69","100.37","-","0.19%"
"2017년 03월 31일","100.35","100.49","100.65","100.25","-","-0.06%"
"2017년 03월 30일","100.41","99.96","100.60","99.92","-","0.41%"
"2017년 03월 29일","100.00","99.70","100.13","99.67","-","0.29%"
"2017년 03월 28일","99.71","99.22","99.79","99.11","-","0.54%"
"2017년 03월 27일","99.17","99.47","99.53","98.86","-","-0.46%"
"2017년 03월 24일","99.63","99.77","100.00","99.53","-","-0.13%"
"2017년 03월 23일","99.76","99.75","99.87","99.63","-","0.08%"
"2017년 03월 22일","99.68","99.69","99.93","99.55","-","-0.13%"
"2017년 03월 21일","99.81","100.37","100.47","99.66","-","-0.60%"
"2017년 03월 20일","100.41","100.36","100.45","100.02","-","0.11%"
"2017년 03월 17일","100.30","100.24","100.47","100.14","-","-0.06%"
"2017년 03월 16일","100.36","100.56","100.75","100.21","-","-0.38%"
"2017년 03월 15일","100.74","101.71","101.72","100.49","-","-0.94%"
"2017년 03월 14일","101.70","101.40","101.79","101.34","-","0.38%"
"2017년 03월 13일","101.31","101.31","101.39","101.01","-","0.06%"
"2017년 03월 10일","101.25","101.99","102.00","101.17","-","-0.59%"
"2017년 03월 09일","101.85","102.11","102.25","101.70","-","-0.22%"
"2017년 03월 08일","102.07","101.79","102.19","101.71","-","0.26%"
"2017년 03월 07일","101.81","101.68","101.91","101.53","-","0.17%"
"2017년 03월 06일","101.64","101.40","101.75","101.22","-","0.10%"
"2017년 03월 03일","101.54","102.13","102.17","101.34","-","-0.65%"
"2017년 03월 02일","102.20","101.92","102.26","101.78","-","0.41%"
"2017년 03월 01일","101.78","101.43","101.97","101.23","-","0.65%"
"2017년 02월 28일","101.12","101.21","101.40","100.78","-","-0.01%"
"2017년 02월 27일","101.13","101.11","101.27","100.69","-","0.04%"
"2017년 02월 24일","101.09","100.95","101.17","100.66","-","0.04%"
"2017년 02월 23일","101.05","101.38","101.44","100.87","-","-0.17%"
"2017년 02월 22일","101.22","101.40","101.72","101.17","-","-0.15%"
"2017년 02월 21일","101.37","100.93","101.60","100.91","-","0.42%"
"2017년 02월 20일","100.95","100.93","100.98","100.77","-","0.00%"
"2017년 02월 17일","100.95","100.52","100.96","100.45","-","0.51%"
"2017년 02월 16일","100.44","101.05","101.07","100.41","-","-0.73%"
"2017년 02월 15일","101.18","101.22","101.76","101.00","-","-0.07%"
"2017년 02월 14일","101.25","100.98","101.38","100.70","-","0.29%"
"2017년 02월 13일","100.96","100.84","101.11","100.58","-","0.16%"
"2017년 02월 10일","100.80","100.67","101.01","100.58","-","0.15%"
"2017년 02월 09일","100.65","100.22","100.68","100.08","-","0.37%"
"2017년 02월 08일","100.28","100.44","100.64","100.06","-","0.02%"
"2017년 02월 07일","100.26","99.93","100.72","99.91","-","0.35%"
"2017년 02월 06일","99.91","99.65","100.25","99.63","-","0.04%"
"2017년 02월 03일","99.87","99.79","100.26","99.56","-","0.08%"
"2017년 02월 02일","99.79","99.76","99.87","99.23","-","0.15%"
"2017년 02월 01일","99.64","99.56","100.04","99.50","-","0.13%"
"2017년 01월 31일","99.51","100.33","100.51","99.43","-","-0.92%"
"2017년 01월 30일","100.43","100.32","101.02","100.17","-","-0.10%"
"2017년 01월 27일","100.53","100.49","100.82","100.32","-","0.15%"
"2017년 01월 26일","100.38","99.91","100.73","99.79","-","0.35%"
"2017년 01월 25일","100.03","100.31","100.41","99.83","-","-0.32%"
"2017년 01월 24일","100.35","100.08","100.43","99.92","-","0.19%"
"2017년 01월 23일","100.16","100.74","100.74","99.90","-","-0.58%"
"2017년 01월 20일","100.74","101.17","101.50","100.70","-","-0.41%"
"2017년 01월 19일","101.15","101.35","101.73","100.97","-","0.22%"
"2017년 01월 18일","100.93","100.43","101.34","100.32","-","0.60%"
"2017년 01월 17일","100.33","101.54","101.62","100.26","-","-0.84%"
"2017년 01월 16일","101.18","101.66","101.73","101.32","-","0.00%"
"2017년 01월 13일","101.18","101.51","101.67","101.01","-","-0.17%"
"2017년 01월 12일","101.35","101.67","101.80","100.72","-","-0.42%"
"2017년 01월 11일","101.78","102.07","102.95","101.28","-","-0.23%"
"2017년 01월 10일","102.01","101.85","102.10","101.51","-","0.08%"
"2017년 01월 09일","101.93","102.25","102.52","101.80","-","-0.28%"
"2017년 01월 06일","102.22","101.40","102.29","101.37","-","0.69%"
"2017년 01월 05일","101.52","102.45","102.51","101.30","-","-1.15%"
"2017년 01월 04일","102.70","103.17","103.44","102.39","-","-0.49%"
"2017년 01월 03일","103.21","102.88","103.82","102.59","-","0.37%"
"2017년 01월 02일","102.83","102.38","102.94","102.21","-","0.61%"